Name,Set code,Set name,Collector number,Foil,Rarity,Quantity,ManaBox ID,Scryfall ID,Purchase price,Misprint,Altered,Condition,Language,Purchase price currency,type_line,mana_cost,colors,color_identity,oracle_text,legal_commander,legal_pauper,image_url
Paradise Plume,TSR,Time Spiral Remastered,271,normal,uncommon,1,57815,b794e97e-8b2c-4bde-8028-4348de5aec83,0.25,False,False,near_mint,en,USD,Artifact,{4},,,"As this artifact enters, choose a color.
Whenever a player casts a spell of the chosen color, you may gain 1 life.
{T}: Add one mana of the chosen color.",legal,not_legal,https://cards.scryfall.io/normal/front/b/7/b794e97e-8b2c-4bde-8028-4348de5aec83.jpg?1619399015
Mana Tithe,TSR,Time Spiral Remastered,26,normal,common,3,57764,9ae707d5-d81d-4320-b947-6016dc188898,0.49,False,False,near_mint,en,USD,Instant,{W},W,W,Counter target spell unless its controller pays {1}.,legal,legal,https://cards.scryfall.io/normal/front/9/a/9ae707d5-d81d-4320-b947-6016dc188898.jpg?1619393111
Goblin Electromancer,RVR,Ravnica Remastered,367,normal,common,1,89741,6f764413-4b47-4a49-b721-fe7b3bc039fa,0.25,False,False,near_mint,en,USD,Creature — Goblin Wizard,{U}{R},"R, U","R, U",Instant and sorcery spells you cast cost {1} less to cast.,legal,legal,https://cards.scryfall.io/normal/front/6/f/6f764413-4b47-4a49-b721-fe7b3bc039fa.jpg?1702416176
Draining Whelk,TSR,Time Spiral Remastered,62,normal,rare,1,57645,51eca246-591e-4ea8-8432-9f4c1f16a65e,0.47,False,False,near_mint,en,USD,Creature — Illusion,{4}{U}{U},U,U,"Flash
Flying
When this creature enters, counter target spell. Put X +1/+1 counters on this creature, where X is that spell's mana value.",legal,not_legal,https://cards.scryfall.io/normal/front/5/1/51eca246-591e-4ea8-8432-9f4c1f16a65e.jpg?1619394027
"Chevill, Bane of Monsters",IKO,Ikoria: Lair of Behemoths,330,foil,mythic,1,49747,1f90d92a-2297-4a52-80cb-10b56943b828,5.39,False,False,near_mint,ja,USD,Legendary Creature — Human Rogue,{B}{G},"B, G","B, G","Deathtouch
At the beginning of your upkeep, if your opponents control no permanents with bounty counters on them, put a bounty counter on target creature or planeswalker an opponent controls.
Whenever a permanent an opponent controls with a bounty counter on it dies, you gain 3 life and draw a card.",legal,not_legal,https://cards.scryfall.io/normal/front/1/f/1f90d92a-2297-4a52-80cb-10b56943b828.jpg?1604782327
"Kathril, Aspect Warper",C20,Commander 2020,10,foil,mythic,1,50408,ebc57f73-a517-463e-8d55-56aa996d091e,0.69,False,False,near_mint,ja,USD,Legendary Creature — Nightmare Insect,{2}{W}{B}{G},"B, G, W","B, G, W","When Kathril enters, put a flying counter on any creature you control if a creature card in your graveyard has flying. Repeat this process for first strike, double strike, deathtouch, hexproof, indestructible, lifelink, menace, reach, trample, and vigilance. Then put a +1/+1 counter on Kathril for each counter put on a creature this way.",legal,not_legal,https://cards.scryfall.io/normal/front/e/b/ebc57f73-a517-463e-8d55-56aa996d091e.jpg?1591946565
"Chandra, Spark Hunter",DFT,Aetherdrift,401,foil,mythic,1,103202,a1864b99-6893-4e4d-94de-641837c05da3,23.97,False,False,near_mint,ja,USD,Legendary Planeswalker — Chandra,{3}{R},R,R,"At the beginning of combat on your turn, choose up to one target Vehicle you control. Until end of turn, it becomes an artifact creature and gains haste.
+2: You may sacrifice an artifact or discard a card. If you do, draw a card.
0: Create a 3/2 colorless Vehicle artifact token with crew 1.
−7: You get an emblem with ""Whenever an artifact you control enters, this emblem deals 3 damage to any target.""",legal,not_legal,https://cards.scryfall.io/normal/front/a/1/a1864b99-6893-4e4d-94de-641837c05da3.jpg?1739042203
Overlord of the Hauntwoods,DSK,Duskmourn: House of Horror,395,foil,mythic,1,95598,5033440c-7d52-4f2c-bc62-ccd6d587d528,46.51,False,False,near_mint,ja,USD,Enchantment Creature — Avatar Horror,{3}{G}{G},G,G,"Impending 4—{1}{G}{G} (If you cast this spell for its impending cost, it enters with four time counters and isn't a creature until the last is removed. At the beginning of your end step, remove a time counter from it.)
Whenever this permanent enters or attacks, create a tapped colorless land token named Everywhere that is every basic land type.",legal,not_legal,https://cards.scryfall.io/normal/front/5/0/5033440c-7d52-4f2c-bc62-ccd6d587d528.jpg?1726327988
Elspeth Tirel,SLD,Secret Lair Drop,1585,foil,mythic,1,99778,95d3a061-03b4-4004-8a6c-4374513de17a,38.43,False,False,near_mint,ja,USD,Legendary Planeswalker — Elspeth,{3}{W}{W},W,W,"+2: You gain 1 life for each creature you control.
−2: Create three 1/1 white Soldier creature tokens.
−5: Destroy all other permanents except for lands and tokens.",legal,not_legal,https://cards.scryfall.io/normal/front/9/5/95d3a061-03b4-4004-8a6c-4374513de17a.jpg?1727566980
The Royal Scions,SLD,Secret Lair Drop,1600,foil,mythic,1,99784,d4ecf1fd-f963-4bc0-8c01-ef781c14e463,2.79,False,False,near_mint,ja,USD,Legendary Planeswalker — Will Rowan,{1}{U}{R},"R, U","R, U","+1: Draw a card, then discard a card.
+1: Target creature gets +2/+0 and gains first strike and trample until end of turn.
−8: Draw four cards. When you do, The Royal Scions deals damage to any target equal to the number of cards in your hand.",legal,not_legal,https://cards.scryfall.io/normal/front/d/4/d4ecf1fd-f963-4bc0-8c01-ef781c14e463.jpg?1727567167
Liliana of the Dark Realms,SLD,Secret Lair Drop,1593,normal,mythic,1,99789,fb89c6b9-991a-453f-a787-7fb4c1642737,17.23,False,False,near_mint,ja,USD,Legendary Planeswalker — Liliana,{2}{B}{B},B,B,"+1: Search your library for a Swamp card, reveal it, put it into your hand, then shuffle.
−3: Target creature gets +X/+X or -X/-X until end of turn, where X is the number of Swamps you control.
−6: You get an emblem with ""Swamps you control have '{T}: Add {B}{B}{B}{B}.'""",legal,not_legal,https://cards.scryfall.io/normal/front/f/b/fb89c6b9-991a-453f-a787-7fb4c1642737.jpg?1727567067
Elspeth Tirel,SLD,Secret Lair Drop,1585,normal,mythic,1,99778,95d3a061-03b4-4004-8a6c-4374513de17a,33.97,False,False,near_mint,ja,USD,Legendary Planeswalker — Elspeth,{3}{W}{W},W,W,"+2: You gain 1 life for each creature you control.
−2: Create three 1/1 white Soldier creature tokens.
−5: Destroy all other permanents except for lands and tokens.",legal,not_legal,https://cards.scryfall.io/normal/front/9/5/95d3a061-03b4-4004-8a6c-4374513de17a.jpg?1727566980
The Royal Scions,SLD,Secret Lair Drop,1600,normal,mythic,1,99784,d4ecf1fd-f963-4bc0-8c01-ef781c14e463,3.29,False,False,near_mint,ja,USD,Legendary Planeswalker — Will Rowan,{1}{U}{R},"R, U","R, U","+1: Draw a card, then discard a card.
+1: Target creature gets +2/+0 and gains first strike and trample until end of turn.
−8: Draw four cards. When you do, The Royal Scions deals damage to any target equal to the number of cards in your hand.",legal,not_legal,https://cards.scryfall.io/normal/front/d/4/d4ecf1fd-f963-4bc0-8c01-ef781c14e463.jpg?1727567167
Eliminate,STA,Strixhaven Mystical Archive,93,normal,uncommon,1,58433,65e93381-0192-4b89-af64-dcc7150b757b,0.39,False,False,near_mint,ja,USD,Instant,{1}{B},B,B,Destroy target creature or planeswalker with mana value 3 or less.,legal,not_legal,https://cards.scryfall.io/normal/front/6/5/65e93381-0192-4b89-af64-dcc7150b757b.jpg?1638112567
Negate,STA,Strixhaven Mystical Archive,81,foil,uncommon,1,58423,35308c10-f8e9-4c35-a680-a3dfe16ac63a,2.73,False,False,near_mint,ja,USD,Instant,{1}{U},U,U,Counter target noncreature spell.,legal,legal,https://cards.scryfall.io/normal/front/3/5/35308c10-f8e9-4c35-a680-a3dfe16ac63a.jpg?1638112090
Krosan Grip,STA,Strixhaven Mystical Archive,116,normal,rare,1,58460,bea70da6-8da5-4c9b-8b6d-6a876b046274,3.03,False,False,near_mint,ja,USD,Instant,{2}{G},G,G,"Split second (As long as this spell is on the stack, players can't cast spells or activate abilities that aren't mana abilities.)
Destroy target artifact or enchantment.",legal,not_legal,https://cards.scryfall.io/normal/front/b/e/bea70da6-8da5-4c9b-8b6d-6a876b046274.jpg?1638110654
Defiant Strike,STA,Strixhaven Mystical Archive,66,foil,uncommon,2,58425,447c7d1e-8bf9-4558-9480-6f0423f36b81,0.54,False,False,near_mint,ja,USD,Instant,{W},W,W,"Target creature gets +1/+0 until end of turn.
Draw a card.",legal,legal,https://cards.scryfall.io/normal/front/4/4/447c7d1e-8bf9-4558-9480-6f0423f36b81.jpg?1723491493
"Blex, Vexing Pest // Search for Blex",STX,Strixhaven: School of Mages,148,normal,mythic,1,58303,c204b7ca-0904-40fa-b20c-92400fae20b8,2.65,False,False,near_mint,ja,USD,Legendary Creature — Pest // Sorcery,,,"B, G",,legal,not_legal,https://cards.scryfall.io/normal/front/c/2/c204b7ca-0904-40fa-b20c-92400fae20b8.jpg?1739541943
Agonizing Remorse,STA,Strixhaven Mystical Archive,87,normal,uncommon,1,58471,f31b98f3-acc0-4113-8f70-86bf2d36b9c1,0.35,False,False,near_mint,ja,USD,Sorcery,{1}{B},B,B,Target opponent reveals their hand. You choose a nonland card from it or a card from their graveyard. Exile that card. You lose 1 life.,legal,not_legal,https://cards.scryfall.io/normal/front/f/3/f31b98f3-acc0-4113-8f70-86bf2d36b9c1.jpg?1638112351
"Abuelo, Ancestral Echo",LCI,The Lost Caverns of Ixalan,297,normal,rare,1,88966,e0bcc6f3-bae4-485c-82da-56c15c97c7f8,0.25,False,False,near_mint,en,USD,Legendary Creature — Spirit,{1}{W}{U},"U, W","U, W","Flying, ward {2}
{1}{W}{U}: Exile another target creature or artifact you control. Return it to the battlefield under its owner's control at the beginning of the next end step.",legal,not_legal,https://cards.scryfall.io/normal/front/e/0/e0bcc6f3-bae4-485c-82da-56c15c97c7f8.jpg?1699044750
Abundant Growth,INR,Innistrad Remastered,315,foil,common,1,102844,f1e2c03d-8f20-4633-a166-d6dce57cd7a7,0.54,False,False,near_mint,en,USD,Enchantment — Aura,{G},G,G,"Enchant land
When this Aura enters, draw a card.
Enchanted land has ""{T}: Add one mana of any color.""",legal,legal,https://cards.scryfall.io/normal/front/f/1/f1e2c03d-8f20-4633-a166-d6dce57cd7a7.jpg?1736468817
Academic Probation,STX,Strixhaven: School of Mages,7,foil,rare,1,57977,05521edf-f47f-4e7a-aec5-cdc4ae7368c2,0.38,False,False,near_mint,en,USD,Sorcery — Lesson,{1}{W},W,W,"Choose one —
• Choose a nonland card name. Opponents can't cast spells with the chosen name until your next turn.
• Choose target nonland permanent. Until your next turn, it can't attack or block, and its activated abilities can't be activated.",legal,not_legal,https://cards.scryfall.io/normal/front/0/5/05521edf-f47f-4e7a-aec5-cdc4ae7368c2.jpg?1637082074
Aeon Chronicler,TSR,Time Spiral Remastered,51,normal,rare,1,57672,5cec8dcc-8ebb-4640-a5f3-90e6e62c27e5,0.47,False,False,near_mint,en,USD,Creature — Avatar,{3}{U}{U},U,U,"Aeon Chronicler's power and toughness are each equal to the number of cards in your hand.
Suspend X—{X}{3}{U}. X can't be 0.
Whenever a time counter is removed from this card while it's exiled, draw a card.",legal,not_legal,https://cards.scryfall.io/normal/front/5/c/5cec8dcc-8ebb-4640-a5f3-90e6e62c27e5.jpg?1619393737
Aetherflux Conduit,DRC,Aetherdrift Commander,33,normal,rare,1,103372,f7628e13-9cf1-4bd4-9d01-e4961677dd12,0.5,False,False,near_mint,en,USD,Artifact,{6},,,"Whenever you cast a spell, you get an amount of {E} (energy counters) equal to the amount of mana spent to cast that spell.
{T}, Pay fifty {E}: Draw seven cards. You may cast any number of spells from your hand without paying their mana costs.",legal,not_legal,https://cards.scryfall.io/normal/front/f/7/f7628e13-9cf1-4bd4-9d01-e4961677dd12.jpg?1738355452
Aether Revolt,MH3,Modern Horizons 3,113,normal,rare,1,94592,b8732e62-cdee-4d32-82a8-8a71a04be7a1,0.45,False,False,near_mint,en,USD,Enchantment,{2}{R}{R},R,R,"Revolt — As long as a permanent left the battlefield under your control this turn, if a source you control would deal noncombat damage to an opponent or a permanent an opponent controls, it deals that much damage plus 2 instead.
Whenever you get one or more {E}, this enchantment deals that much damage to any target.",legal,not_legal,https://cards.scryfall.io/normal/front/b/8/b8732e62-cdee-4d32-82a8-8a71a04be7a1.jpg?1717012116
Aether Vial,MB2,Mystery Booster 2,216,normal,uncommon,2,97156,ff937493-c13c-48c3-a42f-7b15ee033759,5.17,False,False,near_mint,en,USD,Artifact,{1},,,"At the beginning of your upkeep, you may put a charge counter on this artifact.
{T}: You may put a creature card with mana value equal to the number of charge counters on this artifact from your hand onto the battlefield.",legal,not_legal,https://cards.scryfall.io/normal/front/f/f/ff937493-c13c-48c3-a42f-7b15ee033759.jpg?1723224257
Afterburner Expert,DFT,Aetherdrift,150,foil,rare,1,103505,555e1bfc-6d07-4979-a914-b2bd1fb031f2,0.47,False,False,near_mint,en,USD,Creature — Goblin Artificer,{2}{G},G,G,"Exhaust — {2}{G}{G}: Put two +1/+1 counters on this creature. (Activate each exhaust ability only once.)
Whenever you activate an exhaust ability, return this card from your graveyard to the battlefield.",legal,not_legal,https://cards.scryfall.io/normal/front/5/5/555e1bfc-6d07-4979-a914-b2bd1fb031f2.jpg?1738356471
Agonasaur Rex,DFT,Aetherdrift,343,normal,rare,1,102970,328d60a4-af43-4a2e-98b5-1098478eeb02,0.83,False,False,near_mint,en,USD,Creature — Dinosaur,{3}{G}{G},G,G,"Trample
Cycling {2}{G} ({2}{G}, Discard this card: Draw a card.)
When you cycle this card, put two +1/+1 counters on up to one target creature or Vehicle. It gains trample and indestructible until end of turn.",legal,not_legal,https://cards.scryfall.io/normal/front/3/2/328d60a4-af43-4a2e-98b5-1098478eeb02.jpg?1738357345
"Akroma, Angel of Fury",TSR,Time Spiral Remastered,150,foil,mythic,1,57744,8c21655e-fda4-4852-a801-c5593644044a,2.95,False,False,near_mint,en,USD,Legendary Creature — Angel,{5}{R}{R}{R},R,R,"This spell can't be countered.
Flying, trample, protection from white and from blue
{R}: Akroma gets +1/+0 until end of turn.
Morph {3}{R}{R}{R} (You may cast this card face down as a 2/2 creature for {3}. Turn it face up any time for its morph cost.)",legal,not_legal,https://cards.scryfall.io/normal/front/8/c/8c21655e-fda4-4852-a801-c5593644044a.jpg?1619396626
Akroma's Memorial,SLD,Secret Lair Drop,1527,foil,mythic,2,92926,d49e8ddc-2e8f-4a6c-a20d-a37f2c24fd97,41.99,False,False,near_mint,en,USD,Legendary Artifact,{7},,,"Creatures you control have flying, first strike, vigilance, trample, haste, and protection from black and from red.",legal,not_legal,https://cards.scryfall.io/normal/front/d/4/d49e8ddc-2e8f-4a6c-a20d-a37f2c24fd97.jpg?1739789045
"Akroma, Vision of Ixidor",CMR,Commander Legends,2,normal,mythic,1,55872,c0bdd07d-9fb9-4ee4-80db-494ee0cba58d,10.13,False,False,near_mint,en,USD,Legendary Creature — Angel,{5}{W}{W},W,W,"Flying, first strike, vigilance, trample
At the beginning of each combat, until end of turn, each other creature you control gets +1/+1 if it has flying, +1/+1 if it has first strike, and so on for double strike, deathtouch, haste, hexproof, indestructible, lifelink, menace, protection, reach, trample, vigilance, and partner.
Partner",legal,not_legal,https://cards.scryfall.io/normal/front/c/0/c0bdd07d-9fb9-4ee4-80db-494ee0cba58d.jpg?1608908641
"Alela, Cunning Conqueror",WOC,Wilds of Eldraine Commander,34,foil,mythic,1,85563,8ec9571f-17c0-4f16-adb5-8805d4b72591,7.75,False,False,near_mint,en,USD,Legendary Creature — Faerie Warlock,{2}{U}{B},"B, U","B, U","Flying
Whenever you cast your first spell during each opponent's turn, create a 1/1 black Faerie Rogue creature token with flying.
Whenever one or more Faeries you control deal combat damage to a player, goad target creature that player controls.",legal,not_legal,https://cards.scryfall.io/normal/front/8/e/8ec9571f-17c0-4f16-adb5-8805d4b72591.jpg?1692934109
Altaïr Ibn-La'Ahad,ACR,Assassin's Creed,225,etched,mythic,1,91727,7ba4aba6-6ed8-46cc-89eb-ce546940e250,5.5,False,False,near_mint,en,USD,Legendary Creature — Human Assassin,{R}{W}{B},"B, R, W","B, R, W","First strike
Whenever Altaïr attacks, exile up to one target Assassin creature card from your graveyard with a memory counter on it. Then for each creature card you own in exile with a memory counter on it, create a tapped and attacking token that's a copy of it. Exile those tokens at end of combat.",legal,not_legal,https://cards.scryfall.io/normal/front/7/b/7ba4aba6-6ed8-46cc-89eb-ce546940e250.jpg?1721425333
Angelfire Ignition,INR,Innistrad Remastered,229,foil,rare,1,102648,84ec79d8-c8de-46be-9d82-5e6bd5de9cad,0.43,False,False,near_mint,en,USD,Sorcery,{1}{R}{W},"R, W","R, W","Put two +1/+1 counters on target creature. It gains vigilance, trample, lifelink, indestructible, and haste until end of turn.
Flashback {2}{R}{W} (You may cast this card from your graveyard for its flashback cost. Then exile it.)",legal,not_legal,https://cards.scryfall.io/normal/front/8/4/84ec79d8-c8de-46be-9d82-5e6bd5de9cad.jpg?1736468471
Angel's Grace,TSR,Time Spiral Remastered,4,normal,rare,2,57910,e78e39ea-20be-4196-992c-7ed2cb8150c1,7.0,False,False,near_mint,en,USD,Instant,{W},W,W,"Split second (As long as this spell is on the stack, players can't cast spells or activate abilities that aren't mana abilities.)
You can't lose the game this turn and your opponents can't win the game this turn. Until end of turn, damage that would reduce your life total to less than 1 reduces it to 1 instead.",legal,not_legal,https://cards.scryfall.io/normal/front/e/7/e78e39ea-20be-4196-992c-7ed2cb8150c1.jpg?1619392535
Angel of Salvation,TSR,Time Spiral Remastered,3,normal,rare,2,57785,a55cdee5-134f-4008-91ce-9e7d0fdb5750,0.29,False,False,near_mint,en,USD,Creature — Angel,{6}{W}{W},W,W,"Flash; convoke (Your creatures can help cast this spell. Each creature you tap while casting this spell pays for {1} or one mana of that creature's color.)
Flying
When this creature enters, prevent the next 5 damage that would be dealt this turn to any number of targets, divided as you choose.",legal,not_legal,https://cards.scryfall.io/normal/front/a/5/a55cdee5-134f-4008-91ce-9e7d0fdb5750.jpg?1619392506
Archivist of Oghma,PLST,The List,CLB-4,normal,rare,1,98083,9c33f61c-924c-401b-8d50-ebd19f59c3da,3.59,False,False,near_mint,en,USD,Creature — Halfling Cleric,{1}{W},W,W,"Flash
Whenever an opponent searches their library, you gain 1 life and draw a card.",legal,not_legal,https://cards.scryfall.io/normal/front/9/c/9c33f61c-924c-401b-8d50-ebd19f59c3da.jpg?1723434560
Archmage Emeritus,STX,Strixhaven: School of Mages,295,normal,rare,1,58344,da5e6937-800c-4870-b234-f2907a55ce31,6.3,False,False,near_mint,en,USD,Creature — Human Wizard,{2}{U}{U},U,U,"Magecraft — Whenever you cast or copy an instant or sorcery spell, draw a card.",legal,not_legal,https://cards.scryfall.io/normal/front/d/a/da5e6937-800c-4870-b234-f2907a55ce31.jpg?1624741450
Archmage of Runes,FDN,Foundations,450,normal,rare,1,100288,28658ae0-9b5b-497d-a3c9-0a0626b7b344,2.42,False,False,near_mint,en,USD,Creature — Giant Wizard,{3}{U}{U},U,U,"Instant and sorcery spells you cast cost {1} less to cast.
Whenever you cast an instant or sorcery spell, draw a card.",legal,not_legal,https://cards.scryfall.io/normal/front/2/8/28658ae0-9b5b-497d-a3c9-0a0626b7b344.jpg?1730490310
Arch of Orazca,TSR,Time Spiral Remastered,404,normal,special,1,57926,f2216c70-91c2-43d5-9156-9b4f7828c821,0.48,False,False,near_mint,en,USD,Land,,,,"Ascend (If you control ten or more permanents, you get the city's blessing for the rest of the game.)
{T}: Add {C}.
{5}, {T}: Draw a card. Activate only if you have the city's blessing.",legal,not_legal,https://cards.scryfall.io/normal/front/f/2/f2216c70-91c2-43d5-9156-9b4f7828c821.jpg?1619403383
Archmage of Runes,FDN,Foundations,30,normal,rare,1,100339,334b5018-2da9-49f1-9d09-83d312ecfb02,2.01,False,False,near_mint,en,USD,Creature — Giant Wizard,{3}{U}{U},U,U,"Instant and sorcery spells you cast cost {1} less to cast.
Whenever you cast an instant or sorcery spell, draw a card.",legal,not_legal,https://cards.scryfall.io/normal/front/3/3/334b5018-2da9-49f1-9d09-83d312ecfb02.jpg?1730488698
Archway of Innovation,MH3,Modern Horizons 3,350,foil,rare,1,94427,472905ac-1eb9-4951-8180-b8c35fbab3d7,3.19,False,False,near_mint,en,USD,Land,,,U,"This land enters tapped unless you control an Island.
{T}: Add {U}.
{U}, {T}: The next spell you cast this turn has improvise. (Your artifacts can help cast that spell. Each artifact you tap after you're done activating mana abilities pays for {1}.)",legal,not_legal,https://cards.scryfall.io/normal/front/4/7/472905ac-1eb9-4951-8180-b8c35fbab3d7.jpg?1717014299
Arena of Glory,MH3,Modern Horizons 3,215,normal,rare,1,94820,dd148edc-9e43-41aa-bb50-f912115d3e72,12.91,False,False,near_mint,en,USD,Land,,,R,"This land enters tapped unless you control a Mountain.
{T}: Add {R}.
{R}, {T}, Exert this land: Add {R}{R}. If that mana is spent on a creature spell, it gains haste until end of turn. (An exerted permanent won't untap during your next untap step.)",legal,not_legal,https://cards.scryfall.io/normal/front/d/d/dd148edc-9e43-41aa-bb50-f912115d3e72.jpg?1717047864
Audience with Trostani,PMKM,Murders at Karlov Manor Promos,152s,foil,rare,1,91457,40eb1821-ec62-4ba1-8d21-6d368aff70be,0.62,False,False,near_mint,en,USD,Sorcery,{2}{G},G,G,"Create a 0/1 green Plant creature token, then draw cards equal to the number of differently named creature tokens you control.",legal,not_legal,https://cards.scryfall.io/normal/front/4/0/40eb1821-ec62-4ba1-8d21-6d368aff70be.jpg?1707551116
Authority of the Consuls,FDN,Foundations,137,normal,rare,2,100425,42ce2d7f-5924-47c0-b5ed-dacf9f9617a0,5.89,False,False,near_mint,en,USD,Enchantment,{W},W,W,"Creatures your opponents control enter tapped.
Whenever a creature an opponent controls enters, you gain 1 life.",legal,not_legal,https://cards.scryfall.io/normal/front/4/2/42ce2d7f-5924-47c0-b5ed-dacf9f9617a0.jpg?1730489114
Aven Interrupter,OTJ,Outlaws of Thunder Junction,4,normal,rare,1,93360,d3ca43a4-d194-440f-8099-f1fa103a108d,2.84,False,False,near_mint,en,USD,Creature — Bird Rogue,{1}{W}{W},W,W,"Flash
Flying
When this creature enters, exile target spell. It becomes plotted. (Its owner may cast it as a sorcery on a later turn without paying its mana cost.)
Spells your opponents cast from graveyards or from exile cost {2} more to cast.",legal,not_legal,https://cards.scryfall.io/normal/front/d/3/d3ca43a4-d194-440f-8099-f1fa103a108d.jpg?1712355236
Authority of the Consuls,FDN,Foundations,137,foil,rare,1,100425,42ce2d7f-5924-47c0-b5ed-dacf9f9617a0,6.5,False,False,near_mint,en,USD,Enchantment,{W},W,W,"Creatures your opponents control enter tapped.
Whenever a creature an opponent controls enters, you gain 1 life.",legal,not_legal,https://cards.scryfall.io/normal/front/4/2/42ce2d7f-5924-47c0-b5ed-dacf9f9617a0.jpg?1730489114
Horizon Canopy,LTC,Tales of Middle-earth Commander,366,foil,mythic,1,83362,a439ed1c-b599-4469-82d9-df812f6c5bbd,7.44,False,False,near_mint,en,USD,Land,,,"G, W","{T}, Pay 1 life: Add {G} or {W}.
{1}, {T}, Sacrifice this land: Draw a card.",legal,not_legal,https://cards.scryfall.io/normal/front/a/4/a439ed1c-b599-4469-82d9-df812f6c5bbd.jpg?1686967173
Ancient Tomb,LTC,Tales of Middle-earth Commander,357,normal,mythic,1,83581,dfd176e9-55e7-454c-bd35-24a6e3fb0d81,190.24,False,False,near_mint,en,USD,Land,,,,{T}: Add {C}{C}. This land deals 2 damage to you.,legal,not_legal,https://cards.scryfall.io/normal/front/d/f/dfd176e9-55e7-454c-bd35-24a6e3fb0d81.jpg?1686967084
Balustrade Wurm,DSK,Duskmourn: House of Horror,168,normal,rare,1,98848,76610e6e-b60f-494f-bb11-68371eb494f2,0.25,False,False,near_mint,en,USD,Creature — Wurm,{3}{G}{G},G,G,"This spell can't be countered.
Trample, haste
Delirium — {2}{G}{G}: Return this card from your graveyard to the battlefield with a finality counter on it. Activate only if there are four or more card types among cards in your graveyard and only as a sorcery.",legal,not_legal,https://cards.scryfall.io/normal/front/7/6/76610e6e-b60f-494f-bb11-68371eb494f2.jpg?1726286482
Balustrade Wurm,DSK,Duskmourn: House of Horror,319,normal,rare,1,98925,d7944c86-c578-48fa-b222-7fce3f5d301d,0.3,False,False,near_mint,en,USD,Creature — Wurm,{3}{G}{G},G,G,"This spell can't be countered.
Trample, haste
Delirium — {2}{G}{G}: Return this card from your graveyard to the battlefield with a finality counter on it. Activate only if there are four or more card types among cards in your graveyard and only as a sorcery.",legal,not_legal,https://cards.scryfall.io/normal/front/d/7/d7944c86-c578-48fa-b222-7fce3f5d301d.jpg?1726287072
Banner of Kinship,FDN,Foundations,127,normal,rare,1,100914,a14c16c0-4053-46b0-8fa6-be8b4a7a1c8a,6.2,False,False,near_mint,en,USD,Artifact,{5},,,"As this artifact enters, choose a creature type. This artifact enters with a fellowship counter on it for each creature you control of the chosen type.
Creatures you control of the chosen type get +1/+1 for each fellowship counter on this artifact.",legal,not_legal,https://cards.scryfall.io/normal/front/a/1/a14c16c0-4053-46b0-8fa6-be8b4a7a1c8a.jpg?1730489076
Barbed Servitor,MKM,Murders at Karlov Manor,77,foil,rare,1,90687,1c34e4ae-9bf3-4098-88f1-267e7d6cfa35,0.39,False,False,near_mint,en,USD,Artifact Creature — Construct,{3}{B},B,B,"Indestructible
When this creature enters, suspect it. (It has menace and can't block.)
Whenever this creature deals combat damage to a player, you draw a card and you lose 1 life.
Whenever this creature is dealt damage, target opponent loses that much life.",legal,not_legal,https://cards.scryfall.io/normal/front/1/c/1c34e4ae-9bf3-4098-88f1-267e7d6cfa35.jpg?1706241668
Basalt Monolith,MB2,Mystery Booster 2,217,normal,uncommon,1,97154,ff27694e-0381-4ac9-ba20-d631d468f275,4.71,False,False,near_mint,en,USD,Artifact,{3},,,"This artifact doesn't untap during your untap step.
{T}: Add {C}{C}{C}.
{3}: Untap this artifact.",legal,not_legal,https://cards.scryfall.io/normal/front/f/f/ff27694e-0381-4ac9-ba20-d631d468f275.jpg?1723224276
Primal Vigor,SLD,Secret Lair Drop,1749,foil,rare,1,100000,359a4ef6-14e9-410a-bb9b-bc5b66b3e47c,10.0,False,False,near_mint,en,USD,Enchantment,{4}{G},G,G,"If one or more tokens would be created, twice that many of those tokens are created instead.
If one or more +1/+1 counters would be put on a creature, twice that many +1/+1 counters are put on that creature instead.",legal,not_legal,https://cards.scryfall.io/normal/front/3/5/359a4ef6-14e9-410a-bb9b-bc5b66b3e47c.jpg?1729274280
Battle for Bretagard,KHM,Kaldheim,203,normal,rare,1,57090,cd31ec15-2fe0-40ab-b320-bc4333db4787,0.35,False,False,near_mint,en,USD,Enchantment — Saga,{1}{G}{W},"G, W","G, W","(As this Saga enters and after your draw step, add a lore counter. Sacrifice after III.)
I — Create a 1/1 white Human Warrior creature token.
II — Create a 1/1 green Elf Warrior creature token.
III — Choose any number of artifact tokens and/or creature tokens you control with different names. For each of them, create a token that's a copy of it.",legal,not_legal,https://cards.scryfall.io/normal/front/c/d/cd31ec15-2fe0-40ab-b320-bc4333db4787.jpg?1631051175
Primal Vigor,SLD,Secret Lair Drop,1749,normal,rare,1,100000,359a4ef6-14e9-410a-bb9b-bc5b66b3e47c,8.78,False,False,near_mint,en,USD,Enchantment,{4}{G},G,G,"If one or more tokens would be created, twice that many of those tokens are created instead.
If one or more +1/+1 counters would be put on a creature, twice that many +1/+1 counters are put on that creature instead.",legal,not_legal,https://cards.scryfall.io/normal/front/3/5/359a4ef6-14e9-410a-bb9b-bc5b66b3e47c.jpg?1729274280
Become Immense,TSR,Time Spiral Remastered,358,normal,special,1,57900,e2cbd578-4b3c-4de8-8418-0dd6f85972ae,0.49,False,False,near_mint,en,USD,Instant,{5}{G},G,G,"Delve (Each card you exile from your graveyard while casting this spell pays for {1}.)
Target creature gets +6/+6 until end of turn.",legal,not_legal,https://cards.scryfall.io/normal/front/e/2/e2cbd578-4b3c-4de8-8418-0dd6f85972ae.jpg?1619401953
Bribery,SLD,Secret Lair Drop,1786,normal,rare,1,97248,e7b8a9a2-55d8-4cf8-9912-787bdbc90ebb,8.28,False,False,near_mint,en,USD,Sorcery,{3}{U}{U},U,U,Search target opponent's library for a creature card and put that card onto the battlefield under your control. Then that player shuffles.,legal,not_legal,https://cards.scryfall.io/normal/front/e/7/e7b8a9a2-55d8-4cf8-9912-787bdbc90ebb.jpg?1723908451
Drown in the Loch,SLD,Secret Lair Drop,1790,normal,rare,1,97246,b705171c-8bff-4394-9d4d-084b13b20159,3.07,False,False,near_mint,en,USD,Instant,{U}{B},"B, U","B, U","Choose one —
• Counter target spell with mana value less than or equal to the number of cards in its controller's graveyard.
• Destroy target creature with mana value less than or equal to the number of cards in its controller's graveyard.",legal,not_legal,https://cards.scryfall.io/normal/front/b/7/b705171c-8bff-4394-9d4d-084b13b20159.jpg?1723642605
Stifle,SLD,Secret Lair Drop,1787,normal,rare,1,97239,6f141feb-f6c3-4232-9a11-43d81cc8076f,10.53,False,False,near_mint,en,USD,Instant,{U},U,U,Counter target activated or triggered ability. (Mana abilities can't be targeted.),legal,not_legal,https://cards.scryfall.io/normal/front/6/f/6f141feb-f6c3-4232-9a11-43d81cc8076f.jpg?1723671322
Delay,SLD,Secret Lair Drop,1788,normal,rare,1,97228,2d256283-be94-4a34-805e-fc17503c7fbd,3.57,False,False,near_mint,en,USD,Instant,{1}{U},U,U,"Counter target spell. If the spell is countered this way, exile it with three time counters on it instead of putting it into its owner's graveyard. If it doesn't have suspend, it gains suspend. (At the beginning of its owner's upkeep, they remove a time counter. When the last is removed, they may play it without paying its mana cost. If it's a creature, it has haste.)",legal,not_legal,https://cards.scryfall.io/normal/front/2/d/2d256283-be94-4a34-805e-fc17503c7fbd.jpg?1723642306
"Beza, the Bounding Spring",BLB,Bloomburrow,2,foil,mythic,1,95862,fc310a26-b6a0-4e42-98ab-bdfd7b06cb63,11.04,False,False,near_mint,en,USD,Legendary Creature — Elemental Elk,{2}{W}{W},W,W,"When Beza enters, create a Treasure token if an opponent controls more lands than you. You gain 4 life if an opponent has more life than you. Create two 1/1 blue Fish creature tokens if an opponent controls more creatures than you. Draw a card if an opponent has more cards in hand than you.",legal,not_legal,https://cards.scryfall.io/normal/front/f/c/fc310a26-b6a0-4e42-98ab-bdfd7b06cb63.jpg?1721425768
"Beza, the Bounding Spring",BLB,Bloomburrow,287,foil,mythic,1,95742,0fc98b72-d268-4ce5-93b4-57c812a24eff,19.69,False,False,near_mint,en,USD,Legendary Creature — Elemental Elk,{2}{W}{W},W,W,"When Beza enters, create a Treasure token if an opponent controls more lands than you. You gain 4 life if an opponent has more life than you. Create two 1/1 blue Fish creature tokens if an opponent controls more creatures than you. Draw a card if an opponent has more cards in hand than you.",legal,not_legal,https://cards.scryfall.io/normal/front/0/f/0fc98b72-d268-4ce5-93b4-57c812a24eff.jpg?1721427530
Birthing Ritual,MH3,Modern Horizons 3,146,foil,mythic,1,94430,4820d223-4ea1-4850-931c-3d2ab5eb003b,5.23,False,False,near_mint,en,USD,Enchantment,{1}{G},G,G,"At the beginning of your end step, if you control a creature, look at the top seven cards of your library. Then you may sacrifice a creature. If you do, you may put a creature card with mana value X or less from among those cards onto the battlefield, where X is 1 plus the sacrificed creature's mana value. Put the rest on the bottom of your library in a random order.",legal,not_legal,https://cards.scryfall.io/normal/front/4/8/4820d223-4ea1-4850-931c-3d2ab5eb003b.jpg?1717012400
Blazemire Verge,DSK,Duskmourn: House of Horror,329,normal,rare,1,98845,73a926c5-ba2b-4ac5-9717-6c9181f9a827,10.51,False,False,near_mint,en,USD,Land,,,"B, R","{T}: Add {B}.
{T}: Add {R}. Activate only if you control a Swamp or a Mountain.",legal,not_legal,https://cards.scryfall.io/normal/front/7/3/73a926c5-ba2b-4ac5-9717-6c9181f9a827.jpg?1737649065
Blightstep Pathway // Searstep Pathway,KHM,Kaldheim,291,normal,rare,1,56824,3933326a-2014-4ac0-bfd3-8ff26e178920,6.7,False,False,near_mint,en,USD,Land // Land,,,"B, R",,legal,not_legal,https://cards.scryfall.io/normal/front/3/9/3933326a-2014-4ac0-bfd3-8ff26e178920.jpg?1681355936
Bloodletter of Aclazotz,LCI,The Lost Caverns of Ixalan,92,normal,mythic,1,88928,d4f6027a-003a-4f9d-929a-0b6da1fa42c9,30.65,False,False,near_mint,en,USD,Creature — Vampire Demon,{1}{B}{B}{B},B,B,"Flying
If an opponent would lose life during your turn, they lose twice that much life instead. (Damage causes loss of life.)",legal,not_legal,https://cards.scryfall.io/normal/front/d/4/d4f6027a-003a-4f9d-929a-0b6da1fa42c9.jpg?1699044094
Blood Pact,PLST,The List,MID-88,normal,common,1,98567,fb2fcae2-019f-436c-b5bb-6b29a266cfb9,0.24,False,False,near_mint,en,USD,Instant,{2}{B},B,B,Target player draws two cards and loses 2 life.,legal,legal,https://cards.scryfall.io/normal/front/f/b/fb2fcae2-019f-436c-b5bb-6b29a266cfb9.jpg?1723439742
Bloodstained Mire,MH3,Modern Horizons 3,216,normal,rare,1,91762,579743fe-f71e-4cb2-8629-d6b02ed1591d,12.37,False,False,near_mint,en,USD,Land,,,,"{T}, Pay 1 life, Sacrifice this land: Search your library for a Swamp or Mountain card, put it onto the battlefield, then shuffle.",legal,not_legal,https://cards.scryfall.io/normal/front/5/7/579743fe-f71e-4cb2-8629-d6b02ed1591d.jpg?1717012950
Bonehoard Dracosaur,LCI,The Lost Caverns of Ixalan,134,foil,mythic,1,88335,2220ed60-3f8f-4dd2-8319-6a06896a5350,11.43,False,False,near_mint,en,USD,Creature — Dinosaur Dragon,{3}{R}{R},R,R,"Flying, first strike
At the beginning of your upkeep, exile the top two cards of your library. You may play them this turn. If you exiled a land card this way, create a 3/1 red Dinosaur creature token. If you exiled a nonland card this way, create a Treasure token.",legal,not_legal,https://cards.scryfall.io/normal/front/2/2/2220ed60-3f8f-4dd2-8319-6a06896a5350.jpg?1699044226
"Bonny Pall, Clearcutter",OTJ,Outlaws of Thunder Junction,349,foil,rare,1,93413,ee29f20b-27cd-433a-8874-41f500720109,2.8,False,False,near_mint,en,USD,Legendary Creature — Giant Scout,{3}{G}{U}{U},"G, U","G, U","Reach
When Bonny Pall enters, create Beau, a legendary blue Ox creature token with ""Beau's power and toughness are each equal to the number of lands you control.""
Whenever you attack, draw a card, then you may put a land card from your hand or graveyard onto the battlefield.",legal,not_legal,https://cards.scryfall.io/normal/front/e/e/ee29f20b-27cd-433a-8874-41f500720109.jpg?1712356743
Boom // Bust,TSR,Time Spiral Remastered,156,normal,rare,2,57748,8ffdee1b-bb5d-44e6-a90d-6f9e9266d4fd,0.99,False,False,near_mint,en,USD,Sorcery // Sorcery,{1}{R} // {5}{R},R,R,,legal,not_legal,https://cards.scryfall.io/normal/front/8/f/8ffdee1b-bb5d-44e6-a90d-6f9e9266d4fd.jpg?1666020608
Boompile,CMM,Commander Masters,371,normal,rare,1,84952,dbfe710f-5e92-4be9-9f2f-363af767a91e,0.5,False,False,near_mint,en,USD,Artifact,{4},,,"{T}: Flip a coin. If you win the flip, destroy all nonland permanents.",legal,not_legal,https://cards.scryfall.io/normal/front/d/b/dbfe710f-5e92-4be9-9f2f-363af767a91e.jpg?1689999416
Boosted Sloop,DFT,Aetherdrift,320,foil,uncommon,1,103142,85bb2217-d3e1-4638-9a14-bb72bfedd18c,0.25,False,False,near_mint,en,USD,Artifact — Vehicle,{1}{U}{R},"R, U","R, U","Menace
Whenever you attack, draw a card, then discard a card.
Crew 1 (Tap any number of creatures you control with total power 1 or more: This Vehicle becomes an artifact creature until end of turn.)",legal,not_legal,https://cards.scryfall.io/normal/front/8/5/85bb2217-d3e1-4638-9a14-bb72bfedd18c.jpg?1738357225
"Boromir, Warden of the Tower",LTR,The Lord of the Rings: Tales of Middle-earth,4,normal,rare,1,83652,f6bc3720-2892-4dda-8f30-079a1ac8e1e2,2.82,False,False,near_mint,en,USD,Legendary Creature — Human Soldier,{2}{W},W,W,"Vigilance
Whenever an opponent casts a spell, if no mana was spent to cast it, counter that spell.
Sacrifice Boromir: Creatures you control gain indestructible until end of turn. The Ring tempts you.",legal,not_legal,https://cards.scryfall.io/normal/front/f/6/f6bc3720-2892-4dda-8f30-079a1ac8e1e2.jpg?1686967669
Boros Guildgate,RVR,Ravnica Remastered,398,foil,common,1,89625,321dd23d-0a61-44c9-8a0c-4de4311734fc,0.31,False,False,near_mint,en,USD,Land — Gate,,,"R, W","This land enters tapped.
{T}: Add {R} or {W}.",legal,legal,https://cards.scryfall.io/normal/front/3/2/321dd23d-0a61-44c9-8a0c-4de4311734fc.jpg?1702417352
Branching Evolution,MH3,Modern Horizons 3,285,normal,rare,1,94885,c0f1a736-8b12-4f58-a031-bf1733f65c51,3.0,False,False,near_mint,en,USD,Enchantment,{2}{G},G,G,"If one or more +1/+1 counters would be put on a creature you control, twice that many +1/+1 counters are put on that creature instead.",legal,not_legal,https://cards.scryfall.io/normal/front/c/0/c0f1a736-8b12-4f58-a031-bf1733f65c51.jpg?1717013706
"Brass's Tunnel-Grinder // Tecutlan, the Searing Rift",LCI,The Lost Caverns of Ixalan,373,normal,rare,1,88946,db940d06-5e3d-4831-a200-de614c093aca,2.25,False,False,near_mint,en,USD,Legendary Artifact // Legendary Land — Cave,,,R,,legal,not_legal,https://cards.scryfall.io/normal/front/d/b/db940d06-5e3d-4831-a200-de614c093aca.jpg?1699045012
Burning-Tree Emissary,2X2,Double Masters 2022,374,foil,common,1,70328,78efee5c-970c-4f9b-9a6b-96ef3e79caaa,0.32,False,False,near_mint,en,USD,Creature — Human Shaman,{R/G}{R/G},"G, R","G, R","When this creature enters, add {R}{G}.",legal,legal,https://cards.scryfall.io/normal/front/7/8/78efee5c-970c-4f9b-9a6b-96ef3e79caaa.jpg?1674097400
Burning-Rune Demon,KHM,Kaldheim,81,normal,mythic,1,57150,f358a52b-8044-404e-8d04-2ec5903386cc,4.8,False,False,near_mint,en,USD,Creature — Demon Berserker,{4}{B}{B},B,B,"Flying
When this creature enters, you may search your library for exactly two cards not named Burning-Rune Demon that have different names. If you do, reveal those cards. An opponent chooses one of them. Put the chosen card into your hand and the other into your graveyard, then shuffle.",legal,not_legal,https://cards.scryfall.io/normal/front/f/3/f358a52b-8044-404e-8d04-2ec5903386cc.jpg?1739513871
Call of the Ring,LTR,The Lord of the Rings: Tales of Middle-earth,79,normal,rare,1,83376,a92a2c5a-e450-494a-b23b-7ac0a6c50535,3.23,False,False,near_mint,en,USD,Enchantment,{1}{B},B,B,"At the beginning of your upkeep, the Ring tempts you.
Whenever you choose a creature as your Ring-bearer, you may pay 2 life. If you do, draw a card.",legal,not_legal,https://cards.scryfall.io/normal/front/a/9/a92a2c5a-e450-494a-b23b-7ac0a6c50535.jpg?1686968397
"Caduceus, Staff of Hermes",ACR,Assassin's Creed,173,etched,rare,1,95397,6a42db7f-b1f3-4588-9ff5-4f4bc3f53ee4,6.56,False,False,near_mint,en,USD,Legendary Artifact — Equipment,{2}{W},W,W,"Equipped creature has lifelink.
As long as you have 30 or more life, equipped creature gets +5/+5 and has indestructible and ""Prevent all damage that would be dealt to this creature.""
Equip {W}{W}",legal,not_legal,https://cards.scryfall.io/normal/front/6/a/6a42db7f-b1f3-4588-9ff5-4f4bc3f53ee4.jpg?1721425016
Callous Bloodmage,STX,Strixhaven: School of Mages,302,normal,rare,1,58232,9786ce79-3cb1-4ac7-9f85-1f7c0e1acff7,0.91,False,False,near_mint,en,USD,Creature — Vampire Warlock,{2}{B},B,B,"When this creature enters, choose one —
• Create a 1/1 black and green Pest creature token with ""When this token dies, you gain 1 life.""
• You draw a card and you lose 1 life.
• Exile target player's graveyard.",legal,not_legal,https://cards.scryfall.io/normal/front/9/7/9786ce79-3cb1-4ac7-9f85-1f7c0e1acff7.jpg?1624741623
"Captain America, First Avenger",SLD,Secret Lair Drop,1726,normal,mythic,3,100016,bba7e9c8-c24c-4bd3-b398-fe42b1fcfb5d,48.78,False,False,near_mint,en,USD,Legendary Creature — Human Soldier Hero,{R}{W}{U},"R, U, W","R, U, W","Throw ... — {3}, Unattach an Equipment from Captain America: He deals damage equal to that Equipment's mana value divided as you choose among one, two, or three targets.
... Catch — At the beginning of combat on your turn, attach up to one target Equipment you control to Captain America.",legal,not_legal,https://cards.scryfall.io/normal/front/b/b/bba7e9c8-c24c-4bd3-b398-fe42b1fcfb5d.jpg?1730758326
Captain Rex Nebula,UNF,Unfinity,164,normal,rare,1,72825,85e8bdd9-24a3-42f0-8b0c-dbc05be8fc20,0.26,False,False,near_mint,en,USD,Legendary Creature — Human Pilot Employee,{1}{R}{W},"R, W","R, W","At the beginning of combat on your turn, choose target nonland permanent you control. Until end of turn, it becomes a Vehicle artifact with base power and toughness each equal to its mana value, and it gains crew 2 and ""Crash Land — Whenever this Vehicle deals damage, roll a six-sided die. If the result is equal to this Vehicle's mana value, sacrifice this Vehicle, then it deals that much damage to any target.""",legal,not_legal,https://cards.scryfall.io/normal/front/8/5/85e8bdd9-24a3-42f0-8b0c-dbc05be8fc20.jpg?1673914822
Captivating Vampire,INR,Innistrad Remastered,100,foil,rare,1,102420,0f87aadf-7638-4691-b5a5-86f928e98462,2.71,False,False,near_mint,en,USD,Creature — Vampire,{1}{B}{B},B,B,"Other Vampire creatures you control get +1/+1.
Tap five untapped Vampires you control: Gain control of target creature. It becomes a Vampire in addition to its other types.",legal,not_legal,https://cards.scryfall.io/normal/front/0/f/0f87aadf-7638-4691-b5a5-86f928e98462.jpg?1736467903
Caretaker's Talent,BLB,Bloomburrow,6,normal,rare,1,96101,ad5ea98a-e36e-4ab9-b4da-cc572f3777db,12.29,False,False,near_mint,en,USD,Enchantment — Class,{2}{W},W,W,"(Gain the next level as a sorcery to add its ability.)
Whenever one or more tokens you control enter, draw a card. This ability triggers only once each turn.
{W}: Level 2
When this Class becomes level 2, create a token that's a copy of target token you control.
{3}{W}: Level 3
Creature tokens you control get +2/+2.",legal,not_legal,https://cards.scryfall.io/normal/front/a/d/ad5ea98a-e36e-4ab9-b4da-cc572f3777db.jpg?1721425789
Carrion Cruiser,DFT,Aetherdrift,305,normal,uncommon,1,103132,818931d1-258d-4dda-9d0a-2015ec330bab,0.25,False,False,near_mint,en,USD,Artifact — Vehicle,{2}{B},B,B,"When this Vehicle enters, mill two cards. Then return a creature or Vehicle card from your graveyard to your hand. (To mill two cards, put the top two cards of your library into your graveyard.)
Crew 1 (Tap any number of creatures you control with total power 1 or more: This Vehicle becomes an artifact creature until end of turn.)",legal,not_legal,https://cards.scryfall.io/normal/front/8/1/818931d1-258d-4dda-9d0a-2015ec330bab.jpg?1738357149
Carrion Cruiser,DFT,Aetherdrift,305,foil,uncommon,1,103132,818931d1-258d-4dda-9d0a-2015ec330bab,0.24,False,False,near_mint,en,USD,Artifact — Vehicle,{2}{B},B,B,"When this Vehicle enters, mill two cards. Then return a creature or Vehicle card from your graveyard to your hand. (To mill two cards, put the top two cards of your library into your graveyard.)
Crew 1 (Tap any number of creatures you control with total power 1 or more: This Vehicle becomes an artifact creature until end of turn.)",legal,not_legal,https://cards.scryfall.io/normal/front/8/1/818931d1-258d-4dda-9d0a-2015ec330bab.jpg?1738357149
Cauldron Familiar,SLD,Secret Lair Drop,1759,foil,rare,1,99768,38afc2f2-29d2-413d-abee-d8ad9fa85dec,4.99,False,False,near_mint,en,USD,Creature — Cat,{B},B,B,"When this creature enters, each opponent loses 1 life and you gain 1 life.
Sacrifice a Food: Return this card from your graveyard to the battlefield.",legal,legal,https://cards.scryfall.io/normal/front/3/8/38afc2f2-29d2-413d-abee-d8ad9fa85dec.jpg?1739790405
Caves of Koilos,DMU,Dominaria United,378,normal,rare,1,71538,7328a565-966d-4053-b32b-25bdce031d9f,3.44,False,False,near_mint,en,USD,Land,,,"B, W","{T}: Add {C}.
{T}: Add {W} or {B}. This land deals 1 damage to you.",legal,not_legal,https://cards.scryfall.io/normal/front/7/3/7328a565-966d-4053-b32b-25bdce031d9f.jpg?1682714382
Celebr-8000,UNF,Unfinity,185,normal,rare,1,72660,1aa7b481-9332-4140-9a46-11e4e384d8f1,1.2,False,False,near_mint,en,USD,Artifact Creature — Clown Robot,{5},,,"At the beginning of combat on your turn, roll two six-sided dice. For each result of 1, this creature gets +1/+1 until end of turn. For each other result, it gains the indicated ability until end of turn. If you rolled doubles, it also gains double strike until end of turn.
• 2 — menace
• 3 — vigilance
• 4 — lifelink
• 5 — flying
• 6 — indestructible",legal,not_legal,https://cards.scryfall.io/normal/front/1/a/1aa7b481-9332-4140-9a46-11e4e384d8f1.jpg?1673915040
Centaur of Attention,UNF,Unfinity,132,normal,rare,1,72706,3eecbc0a-237d-433f-9edf-7420819f1301,0.25,False,False,near_mint,en,USD,Creature — Centaur Performer,{3}{G}{G},G,G,"When this creature enters, roll five six-sided dice and store those results on it.
At the beginning of combat on your turn, you may reroll any number of this creature's stored results.
This creature gets +X/+X, where X is the greatest number of stored results on it of the same value.",legal,not_legal,https://cards.scryfall.io/normal/front/3/e/3eecbc0a-237d-433f-9edf-7420819f1301.jpg?1673914557
Celebr-8000,UNF,Unfinity,185,foil,rare,1,72660,1aa7b481-9332-4140-9a46-11e4e384d8f1,1.62,False,False,near_mint,en,USD,Artifact Creature — Clown Robot,{5},,,"At the beginning of combat on your turn, roll two six-sided dice. For each result of 1, this creature gets +1/+1 until end of turn. For each other result, it gains the indicated ability until end of turn. If you rolled doubles, it also gains double strike until end of turn.
• 2 — menace
• 3 — vigilance
• 4 — lifelink
• 5 — flying
• 6 — indestructible",legal,not_legal,https://cards.scryfall.io/normal/front/1/a/1aa7b481-9332-4140-9a46-11e4e384d8f1.jpg?1673915040
Bleachbone Verge,DFT,Aetherdrift,371,normal,rare,1,103093,6ba2edc7-dbc0-4948-9f37-a27a91bdf7b9,8.99,False,False,near_mint,en,USD,Land,,,"B, W","{T}: Add {B}.
{T}: Add {W}. Activate only if you control a Plains or a Swamp.",legal,not_legal,https://cards.scryfall.io/normal/front/6/b/6ba2edc7-dbc0-4948-9f37-a27a91bdf7b9.jpg?1738357491
Cathars' Crusade,INR,Innistrad Remastered,17,normal,rare,2,102543,5296e353-2efc-4d72-a877-7957eff630b9,5.66,False,False,near_mint,en,USD,Enchantment,{3}{W}{W},W,W,"Whenever a creature you control enters, put a +1/+1 counter on each creature you control.",legal,not_legal,https://cards.scryfall.io/normal/front/5/2/5296e353-2efc-4d72-a877-7957eff630b9.jpg?1736467489
Centrifuge,UNF,Unfinity,203b,normal,rare,1,72878,a6bb4473-6c19-44ba-ba57-b2a9646d80d7,0.25,False,False,near_mint,en,USD,Artifact — Attraction,,,,Visit — Each player draws a card from the library of the player to their right. You create three Treasure tokens.,not_legal,not_legal,https://cards.scryfall.io/normal/front/a/6/a6bb4473-6c19-44ba-ba57-b2a9646d80d7.jpg?1673915317
Chain of Vapor,MB2,Mystery Booster 2,156,normal,uncommon,1,97031,ca7d8d4a-76bb-473b-80a4-d4c1a2f435bc,7.84,False,False,near_mint,en,USD,Instant,{U},U,U,"Return target nonland permanent to its owner's hand. Then that permanent's controller may sacrifice a land of their choice. If the player does, they may copy this spell and may choose a new target for that copy.",legal,not_legal,https://cards.scryfall.io/normal/front/c/a/ca7d8d4a-76bb-473b-80a4-d4c1a2f435bc.jpg?1723221014
Chaotic Transformation,DMU,Dominaria United,117,normal,rare,1,71738,bdfb44f1-e366-437a-bde3-59bfdb362864,0.25,False,False,near_mint,en,USD,Sorcery,{5}{R},R,R,"Exile up to one target artifact, up to one target creature, up to one target enchantment, up to one target planeswalker, and/or up to one target land. For each permanent exiled this way, its controller reveals cards from the top of their library until they reveal a card that shares a card type with it, puts that card onto the battlefield, then shuffles.",legal,not_legal,https://cards.scryfall.io/normal/front/b/d/bdfb44f1-e366-437a-bde3-59bfdb362864.jpg?1673307284
Clara Oswald,WHO,Doctor Who,332,foil,rare,1,87333,50c0b868-a688-4ccb-97b7-58fd424a7864,4.21,False,False,near_mint,en,USD,Legendary Creature — Human Advisor,{6},,,"Impossible Girl — If Clara Oswald is your commander, choose a color before the game begins. Clara Oswald is the chosen color.
If a triggered ability of a Doctor you control triggers, that ability triggers an additional time.
Doctor's companion (You can have two commanders if the other is the Doctor.)",legal,not_legal,https://cards.scryfall.io/normal/front/5/0/50c0b868-a688-4ccb-97b7-58fd424a7864.jpg?1696637176
Clamorous Ironclad,DFT,Aetherdrift,312,normal,common,1,103123,79d3c041-976c-41e2-9ce6-4b292e499526,0.2,False,False,near_mint,en,USD,Artifact — Vehicle,{3}{R},R,R,"Menace (This creature can't be blocked except by two or more creatures.)
Crew 3 (Tap any number of creatures you control with total power 3 or more: This Vehicle becomes an artifact creature until end of turn.)
Cycling {R} ({R}, Discard this card: Draw a card.)",legal,legal,https://cards.scryfall.io/normal/front/7/9/79d3c041-976c-41e2-9ce6-4b292e499526.jpg?1738357186
Clockwork Hydra,TSR,Time Spiral Remastered,264,normal,uncommon,1,57820,babba9f7-86e4-4e11-9fb8-acd50fbd8031,0.21,False,False,near_mint,en,USD,Artifact Creature — Hydra,{5},,,"This creature enters with four +1/+1 counters on it.
Whenever this creature attacks or blocks, remove a +1/+1 counter from it. If you do, it deals 1 damage to any target.
{T}: Put a +1/+1 counter on this creature.",legal,not_legal,https://cards.scryfall.io/normal/front/b/a/babba9f7-86e4-4e11-9fb8-acd50fbd8031.jpg?1619404199
Cloudspire Skycycle,DFT,Aetherdrift,321,foil,uncommon,1,103104,73918759-b7b6-4a09-baa1-7f660ecef42e,0.25,False,False,near_mint,en,USD,Artifact — Vehicle,{2}{R}{W},"R, W","R, W","Flying
When this Vehicle enters, distribute two +1/+1 counters among one or two other target Vehicles and/or creatures you control.
Crew 1",legal,not_legal,https://cards.scryfall.io/normal/front/7/3/73918759-b7b6-4a09-baa1-7f660ecef42e.jpg?1738357233
Clown Car,UNF,Unfinity,186,normal,rare,1,72924,c6667e4f-f0f6-4416-940a-d03bed75f5a7,6.03,False,False,near_mint,en,USD,Artifact — Vehicle,{X},,,"When this Vehicle enters, roll X six-sided dice. For each odd result, create a 1/1 white Clown Robot artifact creature token. For each even result, put a +1/+1 counter on this Vehicle.
Crew 2",legal,not_legal,https://cards.scryfall.io/normal/front/c/6/c6667e4f-f0f6-4416-940a-d03bed75f5a7.jpg?1732663805
Cloudspire Skycycle,DFT,Aetherdrift,321,normal,uncommon,2,103104,73918759-b7b6-4a09-baa1-7f660ecef42e,0.24,False,False,near_mint,en,USD,Artifact — Vehicle,{2}{R}{W},"R, W","R, W","Flying
When this Vehicle enters, distribute two +1/+1 counters among one or two other target Vehicles and/or creatures you control.
Crew 1",legal,not_legal,https://cards.scryfall.io/normal/front/7/3/73918759-b7b6-4a09-baa1-7f660ecef42e.jpg?1738357233
Coiling Rebirth,BLB,Bloomburrow,86,foil,rare,1,96083,96d5de3e-0440-4dd1-899c-ab40c0752343,0.45,False,False,near_mint,en,USD,Sorcery,{3}{B}{B},B,B,"Gift a card (You may promise an opponent a gift as you cast this spell. If you do, they draw a card before its other effects.)
Return target creature card from your graveyard to the battlefield. Then if the gift was promised and that creature isn't legendary, create a token that's a copy of that creature, except it's 1/1.",legal,not_legal,https://cards.scryfall.io/normal/front/9/6/96d5de3e-0440-4dd1-899c-ab40c0752343.jpg?1721426359
Cold-Eyed Selkie,OTC,Outlaws of Thunder Junction Commander,218,normal,rare,1,93736,8c39dc54-611e-48a8-adba-9cc31afa87d0,0.25,False,False,near_mint,en,USD,Creature — Merfolk Rogue,{1}{G/U}{G/U},"G, U","G, U","Islandwalk (This creature can't be blocked as long as defending player controls an Island.)
Whenever this creature deals combat damage to a player, you may draw that many cards.",legal,not_legal,https://cards.scryfall.io/normal/front/8/c/8c39dc54-611e-48a8-adba-9cc31afa87d0.jpg?1712354680
Collected Company,MB2,Mystery Booster 2,203,normal,rare,2,97128,f41a69ae-a0c4-4053-a795-940d76226e08,3.61,False,False,near_mint,en,USD,Instant,{3}{G},G,G,Look at the top six cards of your library. Put up to two creature cards with mana value 3 or less from among them onto the battlefield. Put the rest on the bottom of your library in any order.,legal,not_legal,https://cards.scryfall.io/normal/front/f/4/f41a69ae-a0c4-4053-a795-940d76226e08.jpg?1723223463
Come Back Wrong,DSK,Duskmourn: House of Horror,86,normal,rare,1,95604,72ee3b45-aa4e-4c5b-a9e6-608bfbd93f8b,0.39,False,False,near_mint,en,USD,Sorcery,{2}{B},B,B,"Destroy target creature. If a creature card is put into a graveyard this way, return it to the battlefield under your control. Sacrifice it at the beginning of your next end step.",legal,not_legal,https://cards.scryfall.io/normal/front/7/2/72ee3b45-aa4e-4c5b-a9e6-608bfbd93f8b.jpg?1726286171
Commander's Plate,SLD,Secret Lair Drop,1733,normal,mythic,1,99996,228abefc-9f64-4d64-ad58-41b0201eb82e,33.0,False,False,near_mint,en,USD,Artifact — Equipment,{1},,,"Equipped creature gets +3/+3 and has protection from each color that's not in your commander's color identity.
Equip commander {3}
Equip {5}",legal,not_legal,https://cards.scryfall.io/normal/front/2/2/228abefc-9f64-4d64-ad58-41b0201eb82e.jpg?1729274138
Command Tower,WHO,Doctor Who,855,foil,common,1,88069,f3a60c53-4ba2-48cf-8b5f-08b80dbb960c,12.38,False,False,near_mint,en,USD,Land,,,,{T}: Add one mana of any color in your commander's color identity.,legal,legal,https://cards.scryfall.io/normal/front/f/3/f3a60c53-4ba2-48cf-8b5f-08b80dbb960c.jpg?1696638344
Commandeer,CMM,Commander Masters,80,normal,rare,1,84957,dca0a9a8-5ebc-43a3-8450-420ab6b7b76e,0.88,False,False,near_mint,en,USD,Instant,{5}{U}{U},U,U,"You may exile two blue cards from your hand rather than pay this spell's mana cost.
Gain control of target noncreature spell. You may choose new targets for it. (If that spell is an artifact, enchantment, or planeswalker, the permanent enters under your control.)",legal,not_legal,https://cards.scryfall.io/normal/front/d/c/dca0a9a8-5ebc-43a3-8450-420ab6b7b76e.jpg?1712774977
Commercial District,MKM,Murders at Karlov Manor,259,foil,rare,1,91168,bf220c06-3cce-4bdd-aa58-83940c223e9c,9.49,False,False,near_mint,en,USD,Land — Mountain Forest,,,"G, R","({T}: Add {R} or {G}.)
This land enters tapped.
When this land enters, surveil 1. (Look at the top card of your library. You may put it into your graveyard.)",legal,not_legal,https://cards.scryfall.io/normal/front/b/f/bf220c06-3cce-4bdd-aa58-83940c223e9c.jpg?1706242338
Common Black Removal,MB2,Mystery Booster 2,543,normal,rare,1,96760,44ba16ca-bc75-4d7b-9f40-547ff76ac02b,0.49,False,False,near_mint,en,USD,Instant,{2}{B}{B},B,B,"Choose one. Destroy target creature, then —
• Create a Food token.
• Create a Treasure token.
• Put a menace counter on a creature you control.
• That creature's controller mills cards equal to its power.",not_legal,not_legal,https://cards.scryfall.io/normal/front/4/4/44ba16ca-bc75-4d7b-9f40-547ff76ac02b.jpg?1723264207
Compy Swarm,REX,Jurassic World Collection,9,foil,rare,1,88632,800871ee-7394-4a31-98a7-4b92860208a1,7.4,False,False,near_mint,en,USD,Creature — Dinosaur,{1}{B}{G},"B, G","B, G","At the beginning of your end step, if a creature died this turn, create a tapped token that's a copy of this creature.",legal,not_legal,https://cards.scryfall.io/normal/front/8/0/800871ee-7394-4a31-98a7-4b92860208a1.jpg?1698988753
Consuming Aberration,FDN,Foundations,238,normal,rare,1,101066,bc2b28fd-66b0-457c-80ea-7caed2cc7926,0.26,False,False,near_mint,en,USD,Creature — Horror,{3}{U}{B},"B, U","B, U","Consuming Aberration's power and toughness are each equal to the number of cards in your opponents' graveyards.
Whenever you cast a spell, each opponent reveals cards from the top of their library until they reveal a land card, then puts those cards into their graveyard.",legal,not_legal,https://cards.scryfall.io/normal/front/b/c/bc2b28fd-66b0-457c-80ea-7caed2cc7926.jpg?1730489487
Containment Priest,TSR,Time Spiral Remastered,292,normal,special,1,57682,65975f50-70b1-4d64-8d81-5ef2da479c48,1.29,False,False,near_mint,en,USD,Creature — Human Cleric,{1}{W},W,W,"Flash
If a nontoken creature would enter and it wasn't cast, exile it instead.",legal,not_legal,https://cards.scryfall.io/normal/front/6/5/65975f50-70b1-4d64-8d81-5ef2da479c48.jpg?1619399738
Control of the Court,MB2,Mystery Booster 2,189,foil,uncommon,1,97036,cbaeb666-181b-4600-8900-6455ac442451,18.34,False,False,near_mint,en,USD,Sorcery,{1}{R},R,R,"Draw four cards, then discard three cards at random.",legal,not_legal,https://cards.scryfall.io/normal/front/c/b/cbaeb666-181b-4600-8900-6455ac442451.jpg?1723222713
Corpses of the Lost,LCI,The Lost Caverns of Ixalan,98,normal,rare,1,88533,5f661095-3645-4e44-ac39-752e417c2174,0.29,False,False,near_mint,en,USD,Enchantment,{2}{B},B,B,"Skeletons you control get +1/+0 and have haste.
When this enchantment enters, create a 2/2 black Skeleton Pirate creature token.
At the beginning of your end step, if you descended this turn, you may pay 1 life. If you do, return this enchantment to its owner's hand. (You descended if a permanent card was put into your graveyard from anywhere.)",legal,not_legal,https://cards.scryfall.io/normal/front/5/f/5f661095-3645-4e44-ac39-752e417c2174.jpg?1699044112
Cosmos Charger,KHM,Kaldheim,342,foil,rare,1,57043,b0058feb-4331-49cc-aab2-33908cfafe1b,0.5,False,False,near_mint,en,USD,Creature — Horse Spirit,{3}{U},U,U,"Flash
Flying
Foretelling cards from your hand costs {1} less and can be done on any player's turn.
Foretell {2}{U} (During your turn, you may pay {2} and exile this card from your hand face down. Cast it on a later turn for its foretell cost.)",legal,not_legal,https://cards.scryfall.io/normal/front/b/0/b0058feb-4331-49cc-aab2-33908cfafe1b.jpg?1631055957
Counterbalance,MB2,Mystery Booster 2,157,normal,uncommon,1,96920,95949438-884d-420d-b7c4-972327ca486b,7.58,False,False,near_mint,en,USD,Enchantment,{U}{U},U,U,"Whenever an opponent casts a spell, you may reveal the top card of your library. If you do, counter that spell if it has the same mana value as the revealed card.",legal,not_legal,https://cards.scryfall.io/normal/front/9/5/95949438-884d-420d-b7c4-972327ca486b.jpg?1723221030
Counterspell,PURL,URL/Convention Promos,2,foil,rare,2,100023,f2a7042f-a6f0-4e77-86a2-5eb0d2587363,250.0,False,False,near_mint,en,USD,Instant,{U}{U},U,U,Counter target spell.,legal,legal,https://cards.scryfall.io/normal/front/f/2/f2a7042f-a6f0-4e77-86a2-5eb0d2587363.jpg?1745923488
Counterspell,STA,Strixhaven Mystical Archive,15,normal,rare,1,58413,ffdf9d2a-c163-43df-9a2f-20b8749c86ae,4.13,False,False,near_mint,en,USD,Instant,{U}{U},U,U,Counter target spell.,legal,legal,https://cards.scryfall.io/normal/front/f/f/ffdf9d2a-c163-43df-9a2f-20b8749c86ae.jpg?1631491044
Counterspell,CMM,Commander Masters,81,normal,common,1,84564,8493131c-0a7b-4be6-a8a2-0b425f4f67fb,1.55,False,False,near_mint,en,USD,Instant,{U}{U},U,U,Counter target spell.,legal,legal,https://cards.scryfall.io/normal/front/8/4/8493131c-0a7b-4be6-a8a2-0b425f4f67fb.jpg?1689996248
Courser of Kruphix,TSR,Time Spiral Remastered,359,normal,special,1,57841,c341be76-664f-4665-a4c3-708d97605a16,2.78,False,False,near_mint,en,USD,Enchantment Creature — Centaur,{1}{G}{G},G,G,"Play with the top card of your library revealed.
You may play lands from the top of your library.
Landfall — Whenever a land you control enters, you gain 1 life.",legal,not_legal,https://cards.scryfall.io/normal/front/c/3/c341be76-664f-4665-a4c3-708d97605a16.jpg?1619401979
Court of Vantress,WOC,Wilds of Eldraine Commander,22,normal,rare,1,85673,b6f78616-f54e-43d0-b2ae-9ed06fe4dd9f,6.32,False,False,near_mint,en,USD,Enchantment,{2}{U}{U},U,U,"When this enchantment enters, you become the monarch.
At the beginning of your upkeep, choose up to one other target enchantment or artifact. If you're the monarch, you may create a token that's a copy of it. If you're not the monarch, you may have this enchantment become a copy of it, except it has this ability.",legal,not_legal,https://cards.scryfall.io/normal/front/b/6/b6f78616-f54e-43d0-b2ae-9ed06fe4dd9f.jpg?1692933929
Crabomination,MH3,Modern Horizons 3,85,normal,rare,1,94677,f328d6e0-d808-4abe-b6a2-cc557b27c329,0.31,False,False,near_mint,en,USD,Creature — Crab Demon,{4}{B}{B},B,B,"Emerge from artifact {5}{B}{B} (You may cast this spell by sacrificing an artifact and paying the emerge cost reduced by that artifact's mana value.)
When this creature enters, target opponent exiles the top card of their library, a card at random from their graveyard, and a card at random from their hand. You may cast a spell from among cards exiled this way without paying its mana cost.",legal,not_legal,https://cards.scryfall.io/normal/front/f/3/f328d6e0-d808-4abe-b6a2-cc557b27c329.jpg?1717011897
Crag Saurian,MMQ,Mercadian Masques,185,normal,rare,1,34225,1f0907a5-938e-4ef4-aa85-e7c1ae4317a6,0.5,False,False,near_mint,en,USD,Creature — Lizard,{R}{R}{R},R,R,"Whenever a source deals damage to this creature, that source's controller gains control of this creature.",legal,not_legal,https://cards.scryfall.io/normal/front/1/f/1f0907a5-938e-4ef4-aa85-e7c1ae4317a6.jpg?1562379449
Craterhoof Behemoth,INR,Innistrad Remastered,480,foil,mythic,1,102612,777bb4ba-a821-4a83-a9e2-8827e7eff98f,27.54,False,False,near_mint,en,USD,Creature — Beast,{5}{G}{G}{G},G,G,"Haste
When this creature enters, creatures you control gain trample and get +X/+X until end of turn, where X is the number of creatures you control.",legal,not_legal,https://cards.scryfall.io/normal/front/7/7/777bb4ba-a821-4a83-a9e2-8827e7eff98f.jpg?1736551389
Cruelclaw's Heist,BLB,Bloomburrow,88,normal,rare,1,96121,cab4539a-0157-4cbe-b50f-6e2575df74e9,0.46,False,False,near_mint,en,USD,Sorcery,{B}{B},B,B,"Gift a card (You may promise an opponent a gift as you cast this spell. If you do, they draw a card before its other effects.)
Target opponent reveals their hand. You choose a nonland card from it. Exile that card. If the gift was promised, you may cast that card for as long as it remains exiled, and mana of any type can be spent to cast it.",legal,not_legal,https://cards.scryfall.io/normal/front/c/a/cab4539a-0157-4cbe-b50f-6e2575df74e9.jpg?1721426377
Crypt Rats,VIS,Visions,55,normal,common,1,38118,736455f6-c1b3-4a5a-a91f-a0cd3986ed53,0.75,False,False,near_mint,en,USD,Creature — Rat,{2}{B},B,B,{X}: This creature deals X damage to each creature and each player. Spend only black mana on X.,legal,legal,https://cards.scryfall.io/normal/front/7/3/736455f6-c1b3-4a5a-a91f-a0cd3986ed53.jpg?1562277688
Cryptolith Fragment // Aurora of Emrakul,INR,Innistrad Remastered,472,normal,uncommon,1,102580,67e10819-c594-4f0a-9f5a-dbb29fd35f8e,0.25,False,False,near_mint,en,USD,Artifact // Creature — Eldrazi Reflection,,,,,legal,not_legal,https://cards.scryfall.io/normal/front/6/7/67e10819-c594-4f0a-9f5a-dbb29fd35f8e.jpg?1738706851
Cryptolith Rite,INR,Innistrad Remastered,316,normal,rare,1,102779,c9accff6-ed4c-484e-ad2c-f8056f0d35e3,3.81,False,False,near_mint,en,USD,Enchantment,{1}{G},G,G,"Creatures you control have ""{T}: Add one mana of any color.""",legal,not_legal,https://cards.scryfall.io/normal/front/c/9/c9accff6-ed4c-484e-ad2c-f8056f0d35e3.jpg?1736468825
Crystal Shard,TSR,Time Spiral Remastered,393,normal,special,1,57863,cd9b7bf9-4087-4235-a21e-33f52ae69b48,2.21,False,False,near_mint,en,USD,Artifact,{3},,U,"{3}, {T} or {U}, {T}: Return target creature to its owner's hand unless its controller pays {1}.",legal,not_legal,https://cards.scryfall.io/normal/front/c/d/cd9b7bf9-4087-4235-a21e-33f52ae69b48.jpg?1619402984
Cultivator Colossus,INR,Innistrad Remastered,317,foil,mythic,1,102556,59b80d42-5d7c-4ca0-9d54-55430b15593e,7.88,False,False,near_mint,en,USD,Creature — Plant Beast,{4}{G}{G}{G},G,G,"Trample
Cultivator Colossus's power and toughness are each equal to the number of lands you control.
When this creature enters, you may put a land card from your hand onto the battlefield tapped. If you do, draw a card and repeat this process.",legal,not_legal,https://cards.scryfall.io/normal/front/5/9/59b80d42-5d7c-4ca0-9d54-55430b15593e.jpg?1736468826
Curator of Destinies,FDN,Foundations,34,normal,rare,1,100908,9ff79da7-c3f7-4541-87a0-503544c699b5,0.25,False,False,near_mint,en,USD,Creature — Sphinx,{4}{U}{U},U,U,"This spell can't be countered.
Flying
When this creature enters, look at the top five cards of your library and separate them into a face-down pile and a face-up pile. An opponent chooses one of those piles. Put that pile into your hand and the other into your graveyard.",legal,not_legal,https://cards.scryfall.io/normal/front/9/f/9ff79da7-c3f7-4541-87a0-503544c699b5.jpg?1730488713
Cursed Recording,DSK,Duskmourn: House of Horror,315,normal,rare,1,98599,5aacedd1-de6b-4485-891e-0283ef33f3d4,0.3,False,False,near_mint,en,USD,Artifact,{2}{R}{R},R,R,"Whenever you cast an instant or sorcery spell, put a time counter on this artifact. Then if there are seven or more time counters on it, remove those counters and it deals 20 damage to you.
{T}: When you next cast an instant or sorcery spell this turn, copy that spell. You may choose new targets for the copy.",legal,not_legal,https://cards.scryfall.io/normal/front/5/a/5aacedd1-de6b-4485-891e-0283ef33f3d4.jpg?1726287056
Cyberman Patrol,WHO,Doctor Who,1141,foil,uncommon,1,87850,c2fad0f5-37ed-456b-bc17-7a7739f5c01b,24.95,False,False,near_mint,en,USD,Artifact Creature — Cyberman,{2},,,"Artifact creatures you control have afflict 3. (Whenever a creature with afflict 3 becomes blocked, defending player loses 3 life.)",legal,not_legal,https://cards.scryfall.io/normal/front/c/2/c2fad0f5-37ed-456b-bc17-7a7739f5c01b.jpg?1696638663
Cybermen Squadron,WHO,Doctor Who,176,foil,rare,1,87531,7ce660ef-0c6f-413d-8ddd-b755a19ab731,11.49,False,False,near_mint,en,USD,Artifact Creature — Cyberman,{7},,,"Nonlegendary artifact creatures you control have myriad. (Whenever a creature with myriad attacks, for each opponent other than defending player, you may create a token copy that's tapped and attacking that player or a planeswalker they control. Exile the tokens at end of combat.)",legal,not_legal,https://cards.scryfall.io/normal/front/7/c/7ce660ef-0c6f-413d-8ddd-b755a19ab731.jpg?1696636802
Cyclone Summoner,KHM,Kaldheim,343,normal,rare,1,56815,3420845c-bcb3-4969-9c21-bf4732babfe2,0.5,False,False,near_mint,en,USD,Creature — Giant Wizard,{5}{U}{U},U,U,"When this creature enters, if you cast it from your hand, return all permanents to their owners' hands except for Giants, Wizards, and lands.",legal,not_legal,https://cards.scryfall.io/normal/front/3/4/3420845c-bcb3-4969-9c21-bf4732babfe2.jpg?1631055985
"Daretti, Rocketeer Engineer",DFT,Aetherdrift,358,normal,rare,1,102985,3993ac84-304a-4e42-aa39-b72be30471ea,0.4,False,False,near_mint,en,USD,Legendary Creature — Goblin Artificer,{4}{R},R,R,"Daretti's power is equal to the greatest mana value among artifacts you control.
Whenever Daretti enters or attacks, choose target artifact card in your graveyard. You may sacrifice an artifact. If you do, return the chosen card to the battlefield.",legal,not_legal,https://cards.scryfall.io/normal/front/3/9/3993ac84-304a-4e42-aa39-b72be30471ea.jpg?1738357423
Darkstar Augur,BLB,Bloomburrow,90,foil,rare,1,95898,1c603751-1e2b-4c8e-a8d2-5c0876e7254f,0.89,False,False,near_mint,en,USD,Creature — Bat Warlock,{2}{B},B,B,"Offspring {B} (You may pay an additional {B} as you cast this spell. If you do, when this creature enters, create a 1/1 token copy of it.)
Flying
At the beginning of your upkeep, reveal the top card of your library and put that card into your hand. You lose life equal to its mana value.",legal,not_legal,https://cards.scryfall.io/normal/front/1/c/1c603751-1e2b-4c8e-a8d2-5c0876e7254f.jpg?1721426387
"Daretti, Rocketeer Engineer",DFT,Aetherdrift,120,foil,rare,1,100067,be626e2f-1075-4497-bd5b-bd805777afd3,0.33,False,False,near_mint,en,USD,Legendary Creature — Goblin Artificer,{4}{R},R,R,"Daretti's power is equal to the greatest mana value among artifacts you control.
Whenever Daretti enters or attacks, choose target artifact card in your graveyard. You may sacrifice an artifact. If you do, return the chosen card to the battlefield.",legal,not_legal,https://cards.scryfall.io/normal/front/b/e/be626e2f-1075-4497-bd5b-bd805777afd3.jpg?1738356396
Dauthi Voidwalker,PLST,The List,MH2-81,normal,rare,1,98592,ffc49988-f7ec-4fea-8585-d2a59a3b5891,8.55,False,False,near_mint,en,USD,Creature — Dauthi Rogue,{B}{B},B,B,"Shadow (This creature can block or be blocked by only creatures with shadow.)
If a card would be put into an opponent's graveyard from anywhere, instead exile it with a void counter on it.
{T}, Sacrifice this creature: Choose an exiled card an opponent owns with a void counter on it. You may play it this turn without paying its mana cost.",legal,not_legal,https://cards.scryfall.io/normal/front/f/f/ffc49988-f7ec-4fea-8585-d2a59a3b5891.jpg?1723439688
Day's Undoing,CMM,Commander Masters,486,etched,rare,1,83991,025a82c8-3d6f-483a-96c3-38baf54390b4,4.74,False,False,near_mint,en,USD,Sorcery,{2}{U},U,U,"Each player shuffles their hand and graveyard into their library, then draws seven cards. If it's your turn, end the turn. (Exile all spells and abilities from the stack, including this card. Discard down to your maximum hand size. Damage wears off, and ""this turn"" and ""until end of turn"" effects end.)",legal,not_legal,https://cards.scryfall.io/normal/front/0/2/025a82c8-3d6f-483a-96c3-38baf54390b4.jpg?1690000547
Deadeye Navigator,INR,Innistrad Remastered,59,foil,rare,1,100071,4f0791b5-fdb4-4378-8fd3-7e7367ffc05c,2.75,False,False,near_mint,en,USD,Creature — Spirit,{4}{U}{U},U,U,"Soulbond (You may pair this creature with another unpaired creature when either enters. They remain paired for as long as you control both of them.)
As long as Deadeye Navigator is paired with another creature, each of those creatures has ""{1}{U}: Exile this creature, then return it to the battlefield under your control.""",legal,not_legal,https://cards.scryfall.io/normal/front/4/f/4f0791b5-fdb4-4378-8fd3-7e7367ffc05c.jpg?1736467700
Deadly Cover-Up,MKM,Murders at Karlov Manor,83,normal,rare,1,90793,3876aa0f-b199-43f5-8a91-c2d620b8ef84,0.55,False,False,near_mint,en,USD,Sorcery,{3}{B}{B},B,B,"As an additional cost to cast this spell, you may collect evidence 6.
Destroy all creatures. If evidence was collected, exile a card from an opponent's graveyard. Then search its owner's graveyard, hand, and library for any number of cards with that name and exile them. That player shuffles, then draws a card for each card exiled from their hand this way.",legal,not_legal,https://cards.scryfall.io/normal/front/3/8/3876aa0f-b199-43f5-8a91-c2d620b8ef84.jpg?1706241687
Death in Heaven,WHO,Doctor Who,671,foil,rare,1,87450,6bedb9c9-8ed5-4aad-b594-722041a7e393,5.98,False,False,near_mint,en,USD,Enchantment — Saga,{3}{B},B,B,"(As this Saga enters and after your draw step, add a lore counter. Sacrifice after III.)
I, II — Target player mills two cards, then exiles their graveyard.
III — Put all creature cards exiled with this enchantment onto the battlefield face down under your control. They're 2/2 Cyberman artifact creatures.",legal,not_legal,https://cards.scryfall.io/normal/front/6/b/6bedb9c9-8ed5-4aad-b594-722041a7e393.jpg?1696637968
Debris Beetle,DFT,Aetherdrift,322,foil,rare,1,103614,b8fe7293-2d85-42dd-b6a1-21e98487cbfa,0.49,False,False,near_mint,en,USD,Artifact — Vehicle,{2}{B}{G},"B, G","B, G","Trample
When this Vehicle enters, each opponent loses 3 life and you gain 3 life.
Crew 2",legal,not_legal,https://cards.scryfall.io/normal/front/b/8/b8fe7293-2d85-42dd-b6a1-21e98487cbfa.jpg?1738357238
Decimator Beetle,AKH,Amonkhet,197,normal,uncommon,1,5488,6b75e834-fa46-4833-ae9f-1bc2809ece2f,0.2,False,False,near_mint,en,USD,Creature — Insect,{3}{B}{G},"B, G","B, G","When this creature enters, put a -1/-1 counter on target creature you control.
Whenever this creature attacks, remove a -1/-1 counter from target creature you control and put a -1/-1 counter on up to one target creature defending player controls.",legal,not_legal,https://cards.scryfall.io/normal/front/6/b/6b75e834-fa46-4833-ae9f-1bc2809ece2f.jpg?1543676043
Deepfathom Echo,LCI,The Lost Caverns of Ixalan,385,foil,rare,1,88551,64d78301-333a-428e-9af9-588a103cc527,0.4,False,False,near_mint,en,USD,Creature — Merfolk Spirit,{2}{G}{U},"G, U","G, U","At the beginning of combat on your turn, this creature explores. Then you may have it become a copy of another creature you control until end of turn. (To have this creature explore, reveal the top card of your library. Put that card into your hand if it's a land. Otherwise, put a +1/+1 counter on this creature, then put the card back or put it into your graveyard.)",legal,not_legal,https://cards.scryfall.io/normal/front/6/4/64d78301-333a-428e-9af9-588a103cc527.jpg?1699045055
Deeproot Historian,LCC,The Lost Caverns of Ixalan Commander,59,normal,rare,2,88801,ac3dd116-7918-441d-9c05-5e5cb8c43cd6,0.41,False,False,near_mint,en,USD,Creature — Merfolk Druid,{3}{G},G,G,Merfolk and Druid cards in your graveyard have retrace. (You may cast cards with retrace from your graveyard by discarding a land card in addition to paying their other costs.),legal,not_legal,https://cards.scryfall.io/normal/front/a/c/ac3dd116-7918-441d-9c05-5e5cb8c43cd6.jpg?1698987911
Defiler of Vigor,DMU,Dominaria United,160,normal,rare,1,71229,0896860c-d028-4193-89a5-97e05c12a1e7,2.28,False,False,near_mint,en,USD,Creature — Phyrexian Wurm,{3}{G}{G},G,G,"Trample
As an additional cost to cast green permanent spells, you may pay 2 life. Those spells cost {G} less to cast if you paid life this way. This effect reduces only the amount of green mana you pay.
Whenever you cast a green permanent spell, put a +1/+1 counter on each creature you control.",legal,not_legal,https://cards.scryfall.io/normal/front/0/8/0896860c-d028-4193-89a5-97e05c12a1e7.jpg?1673307655
Deification,MAT,March of the Machine: The Aftermath,52,foil,rare,1,82594,a4c18b82-ec70-4233-9717-f9d522b3d022,0.5,False,False,near_mint,en,USD,Enchantment,{1}{W},W,W,"As this enchantment enters, choose a planeswalker type.
Planeswalkers you control of the chosen type have hexproof.
As long as you control a creature, if damage dealt to a planeswalker you control of the chosen type would result in all loyalty counters on it being removed, instead all but one of those counters are removed.",legal,not_legal,https://cards.scryfall.io/normal/front/a/4/a4c18b82-ec70-4233-9717-f9d522b3d022.jpg?1684340896
Delighted Halfling,LTR,The Lord of the Rings: Tales of Middle-earth,363,normal,rare,2,83233,80a04912-633d-4f67-b200-d55735438f76,18.49,False,False,near_mint,en,USD,Creature — Halfling Citizen,{G},G,G,"{T}: Add {C}.
{T}: Add one mana of any color. Spend this mana only to cast a legendary spell, and that spell can't be countered.",legal,not_legal,https://cards.scryfall.io/normal/front/8/0/80a04912-633d-4f67-b200-d55735438f76.jpg?1687899879
"Delney, Streetwise Lookout",MKM,Murders at Karlov Manor,337,normal,mythic,1,91145,b6297104-b73c-439c-ac0c-b7fac01d49dc,30.0,False,False,near_mint,en,USD,Legendary Creature — Human Scout,{2}{W},W,W,"Creatures you control with power 2 or less can't be blocked by creatures with power 3 or greater.
If an ability of a creature you control with power 2 or less triggers, that ability triggers an additional time.",legal,not_legal,https://cards.scryfall.io/normal/front/b/6/b6297104-b73c-439c-ac0c-b7fac01d49dc.jpg?1706242565
Deluge of Doom,DSC,Duskmourn: House of Horror Commander,48,normal,rare,1,99306,b64ace2b-e1f6-4aec-b08f-fdb7fb893483,0.44,False,False,near_mint,en,USD,Sorcery,{2}{B},B,B,"All creatures get -X/-X until end of turn, where X is the number of card types among cards in your graveyard.",legal,not_legal,https://cards.scryfall.io/normal/front/b/6/b64ace2b-e1f6-4aec-b08f-fdb7fb893483.jpg?1734096497
Demonic Bargain,PLST,The List,VOW-103,normal,rare,1,85936,b69d1f27-ade0-4789-9c49-ede929a9062f,0.26,False,False,near_mint,en,USD,Sorcery,{2}{B},B,B,"Exile the top thirteen cards of your library, then search your library for a card. Put that card into your hand, then shuffle.",legal,not_legal,https://cards.scryfall.io/normal/front/b/6/b69d1f27-ade0-4789-9c49-ede929a9062f.jpg?1693275423
Demonic Counsel,DSK,Duskmourn: House of Horror,92,normal,rare,1,98684,ff79c845-4115-4fbf-b20f-37470f2bf7fb,1.52,False,False,near_mint,en,USD,Sorcery,{1}{B},B,B,"Search your library for a Demon card, reveal it, put it into your hand, then shuffle.
Delirium — If there are four or more card types among cards in your graveyard, instead search your library for any card, put it into your hand, then shuffle.",legal,not_legal,https://cards.scryfall.io/normal/front/f/f/ff79c845-4115-4fbf-b20f-37470f2bf7fb.jpg?1726286193
"Derevi, Empyrial Tactician",BLC,Bloomburrow Commander,87,foil,rare,1,96044,5f538b4e-6ad4-4d30-8699-88bcbde8bf69,4.0,False,False,near_mint,en,USD,Legendary Creature — Bird Wizard,{G}{W}{U},"G, U, W","G, U, W","Flying
When Derevi enters and whenever a creature you control deals combat damage to a player, you may tap or untap target permanent.
{1}{G}{W}{U}: Put Derevi onto the battlefield from the command zone.",legal,not_legal,https://cards.scryfall.io/normal/front/5/f/5f538b4e-6ad4-4d30-8699-88bcbde8bf69.jpg?1722384726
Desecrate Reality,CMM,Commander Masters,746,normal,rare,1,84441,6957c952-e501-4ac3-839b-8a16f802b5fe,2.46,False,False,near_mint,en,USD,Instant,{7},,,"For each opponent, exile up to one target permanent that player controls with an even mana value. (Zero is even.)
Adamant — If at least three colorless mana was spent to cast this spell, return a permanent card with an odd mana value from your graveyard to the battlefield.",legal,not_legal,https://cards.scryfall.io/normal/front/6/9/6957c952-e501-4ac3-839b-8a16f802b5fe.jpg?1690003293
Diamond Lion,MH2,Modern Horizons 2,225,foil,rare,1,58968,317a8ed5-1ec2-4a5d-a606-8c6ba781c8a3,0.5,False,False,near_mint,en,USD,Artifact Creature — Cat,{2},,,"{T}, Discard your hand, Sacrifice this creature: Add three mana of any one color. Activate only as an instant.",legal,not_legal,https://cards.scryfall.io/normal/front/3/1/317a8ed5-1ec2-4a5d-a606-8c6ba781c8a3.jpg?1626099049
Dire-Strain Rampage,DBL,Innistrad: Double Feature,219,foil,rare,1,65141,2a6a3e00-9171-4c76-b9f3-3f17222452d7,2.52,False,False,near_mint,en,USD,Sorcery,{1}{R}{G},"G, R","G, R","Destroy target artifact, enchantment, or land. If a land was destroyed this way, its controller may search their library for up to two basic land cards, put them onto the battlefield tapped, then shuffle. Otherwise, its controller may search their library for a basic land card, put it onto the battlefield tapped, then shuffle.
Flashback {3}{R}{G}",legal,not_legal,https://cards.scryfall.io/normal/front/2/a/2a6a3e00-9171-4c76-b9f3-3f17222452d7.jpg?1673160788
Disorienting Choice,DSC,Duskmourn: House of Horror Commander,60,normal,rare,1,99192,69a6433f-b832-4edc-bf74-2bed59cb4e20,0.58,False,False,near_mint,en,USD,Sorcery,{3}{G},G,G,"For each opponent, choose up to one target artifact or enchantment that player controls. For each permanent chosen this way, its controller may exile it. Then if one or more of the chosen permanents are still on the battlefield, you search your library for up to that many land cards, put them onto the battlefield tapped, then shuffle.",legal,not_legal,https://cards.scryfall.io/normal/front/6/9/69a6433f-b832-4edc-bf74-2bed59cb4e20.jpg?1729502875
Disruptor Flute,MH3,Modern Horizons 3,209,normal,rare,1,94462,5cad8671-4761-4014-a8a3-af45627e6e79,0.75,False,False,near_mint,en,USD,Artifact,{2},,,"Flash
As this artifact enters, choose a card name.
Spells with the chosen name cost {3} more to cast.
Activated abilities of sources with the chosen name can't be activated unless they're mana abilities.",legal,not_legal,https://cards.scryfall.io/normal/front/5/c/5cad8671-4761-4014-a8a3-af45627e6e79.jpg?1717470370
Dissection Tools,DSK,Duskmourn: House of Horror,385,foil,rare,1,99045,0a376a56-7385-4d64-bbaa-952218531a76,0.51,False,False,near_mint,en,USD,Artifact — Equipment,{5},,,"When this Equipment enters, manifest dread, then attach this Equipment to that creature.
Equipped creature gets +2/+2 and has deathtouch and lifelink.
Equip—Sacrifice a creature.",legal,not_legal,https://cards.scryfall.io/normal/front/0/a/0a376a56-7385-4d64-bbaa-952218531a76.jpg?1726287326
Distended Mindbender,INR,Innistrad Remastered,3,foil,rare,1,102627,7c1980d6-1daa-44f0-a6b5-0458d84894db,0.25,False,False,near_mint,en,USD,Creature — Eldrazi Insect,{8},,B,"Emerge {5}{B}{B} (You may cast this spell by sacrificing a creature and paying the emerge cost reduced by that creature's mana value.)
When you cast this spell, target opponent reveals their hand. You choose from it a nonland card with mana value 3 or less and a card with mana value 4 or greater. That player discards those cards.",legal,not_legal,https://cards.scryfall.io/normal/front/7/c/7c1980d6-1daa-44f0-a6b5-0458d84894db.jpg?1736467428
Distended Mindbender,INR,Innistrad Remastered,3,normal,rare,1,102627,7c1980d6-1daa-44f0-a6b5-0458d84894db,0.25,False,False,near_mint,en,USD,Creature — Eldrazi Insect,{8},,B,"Emerge {5}{B}{B} (You may cast this spell by sacrificing a creature and paying the emerge cost reduced by that creature's mana value.)
When you cast this spell, target opponent reveals their hand. You choose from it a nonland card with mana value 3 or less and a card with mana value 4 or greater. That player discards those cards.",legal,not_legal,https://cards.scryfall.io/normal/front/7/c/7c1980d6-1daa-44f0-a6b5-0458d84894db.jpg?1736467428
Donate,UDS,Urza's Destiny,31,normal,rare,1,34814,7f6d8ce9-f8c8-45ad-b74c-97fba0e2982e,7.55,False,False,near_mint,en,USD,Sorcery,{2}{U},U,U,Target player gains control of target permanent you control.,legal,not_legal,https://cards.scryfall.io/normal/front/7/f/7f6d8ce9-f8c8-45ad-b74c-97fba0e2982e.jpg?1562444248
Don't Move,REX,Jurassic World Collection,1,normal,rare,1,88322,1d06f729-990b-4c2c-ad2a-c17449117f75,8.17,False,False,near_mint,en,USD,Sorcery,{3}{W}{W},W,W,"Destroy all tapped creatures. Until your next turn, whenever a creature becomes tapped, destroy it.",legal,not_legal,https://cards.scryfall.io/normal/front/1/d/1d06f729-990b-4c2c-ad2a-c17449117f75.jpg?1698988731
Don't Worry About It,MB2,Mystery Booster 2,592,normal,rare,1,97056,d7005db6-21d1-4a3c-acc1-0f7727dfce38,0.46,False,False,near_mint,en,USD,Enchantment — Aura,{1}{G}{U},"G, U","G, U","Enchant card in your hand (This Aura remains on the battlefield. If you play enchanted card or it otherwise leaves your hand, put this Aura into the graveyard.)
Enchanted card costs {1} less to cast.
When you cast enchanted card, copy it.",not_legal,not_legal,https://cards.scryfall.io/normal/front/d/7/d7005db6-21d1-4a3c-acc1-0f7727dfce38.jpg?1723382507
Doomsday Excruciator,DSK,Duskmourn: House of Horror,346,foil,rare,1,95599,50f9cecb-0ff7-4837-a8c5-4af394834e2c,1.44,False,False,near_mint,en,USD,Creature — Demon,{B}{B}{B}{B}{B}{B},B,B,"Flying
When this creature enters, if it was cast, each player exiles all but the bottom six cards of their library face down.
At the beginning of your upkeep, draw a card.",legal,not_legal,https://cards.scryfall.io/normal/front/5/0/50f9cecb-0ff7-4837-a8c5-4af394834e2c.jpg?1726287183
Doppelgang,MKM,Murders at Karlov Manor,414,normal,rare,2,90998,7db9df42-042d-48a0-ac28-228b72a0b19a,1.56,False,False,near_mint,en,USD,Sorcery,{X}{X}{X}{G}{U},"G, U","G, U","For each of X target permanents, create X tokens that are copies of that permanent.",legal,not_legal,https://cards.scryfall.io/normal/front/7/d/7db9df42-042d-48a0-ac28-228b72a0b19a.jpg?1706242793
Dramatic Finale,STX,Strixhaven: School of Mages,180,foil,rare,1,58257,a8ec9be6-c8ad-4a82-8253-c49cdb9443ba,0.49,False,False,near_mint,en,USD,Enchantment,{W/B}{W/B}{W/B}{W/B},"B, W","B, W","Creature tokens you control get +1/+1.
Whenever one or more nontoken creatures you control die, create a 2/1 white and black Inkling creature token with flying. This ability triggers only once each turn.",legal,not_legal,https://cards.scryfall.io/normal/front/a/8/a8ec9be6-c8ad-4a82-8253-c49cdb9443ba.jpg?1627428668
Dread Wanderer,AKH,Amonkhet,88,normal,rare,1,5597,343fc82d-7d10-4489-8f7e-9995322114e2,0.49,False,False,near_mint,en,USD,Creature — Zombie Jackal,{B},B,B,"This creature enters tapped.
{2}{B}: Return this card from your graveyard to the battlefield. Activate only as a sorcery and only if you have one or fewer cards in hand.",legal,not_legal,https://cards.scryfall.io/normal/front/3/4/343fc82d-7d10-4489-8f7e-9995322114e2.jpg?1543675258
Dreamdew Entrancer,BLB,Bloomburrow,365,normal,rare,1,95751,1f2efb27-c181-43f7-93fe-a8c4d286f8ad,0.43,False,False,near_mint,en,USD,Creature — Frog Wizard,{2}{G}{U},"G, U","G, U","Reach
When this creature enters, tap up to one target creature and put three stun counters on it. If you control that creature, draw two cards.",legal,not_legal,https://cards.scryfall.io/normal/front/1/f/1f2efb27-c181-43f7-93fe-a8c4d286f8ad.jpg?1721427958
Dune Drifter,DFT,Aetherdrift,323,foil,uncommon,2,103537,71586675-e9f5-4bec-984d-8683b2494b35,0.25,False,False,near_mint,en,USD,Artifact — Vehicle,{X}{W}{B},"B, W","B, W","When this Vehicle enters, return target artifact or creature card with mana value X or less from your graveyard to the battlefield.
Crew 2 (Tap any number of creatures you control with total power 2 or more: This Vehicle becomes an artifact creature until end of turn.)",legal,not_legal,https://cards.scryfall.io/normal/front/7/1/71586675-e9f5-4bec-984d-8683b2494b35.jpg?1738357244
Consider,SLD,Secret Lair Drop,1524,foil,rare,2,92927,f80f726b-471c-4bc1-8fd7-66db5207e4ce,16.18,False,False,near_mint,en,USD,Instant,{U},U,U,"Surveil 1. (Look at the top card of your library. You may put it into your graveyard.)
Draw a card.",legal,legal,https://cards.scryfall.io/normal/front/f/8/f80f726b-471c-4bc1-8fd7-66db5207e4ce.jpg?1739789059
Curator Beastie,DSC,Duskmourn: House of Horror Commander,58,normal,rare,2,99217,78385399-fc28-4944-a817-7b3166414620,0.4,False,False,near_mint,en,USD,Creature — Beast,{4}{G}{G},G,G,"Reach
Colorless creatures you control enter with two additional +1/+1 counters on them.
Whenever this creature enters or attacks, manifest dread. (Look at the top two cards of your library. Put one onto the battlefield face down as a 2/2 creature and the other into your graveyard. Turn it face up any time for its mana cost if it's a creature card.)",legal,not_legal,https://cards.scryfall.io/normal/front/7/8/78385399-fc28-4944-a817-7b3166414620.jpg?1729502865
Echo of Eons,MB2,Mystery Booster 2,160,normal,mythic,2,97105,eabe1af2-d26e-4086-a71d-f818fb41fa25,13.83,False,False,near_mint,en,USD,Sorcery,{4}{U}{U},U,U,"Each player shuffles their hand and graveyard into their library, then draws seven cards.
Flashback {2}{U} (You may cast this card from your graveyard for its flashback cost. Then exile it.)",legal,not_legal,https://cards.scryfall.io/normal/front/e/a/eabe1af2-d26e-4086-a71d-f818fb41fa25.jpg?1723253688
Ecstatic Awakener // Awoken Demon,INR,Innistrad Remastered,462,foil,common,1,102840,f0495b2a-90cf-483c-97e7-b82845aaad63,0.25,False,False,near_mint,en,USD,Creature — Human Wizard // Creature — Demon,,,B,,legal,legal,https://cards.scryfall.io/normal/front/f/0/f0495b2a-90cf-483c-97e7-b82845aaad63.jpg?1738706675
Edward Kenway,ACR,Assassin's Creed,234,etched,mythic,1,95509,da0ce737-8066-444b-ae33-c84713305b1a,17.42,False,False,near_mint,en,USD,Legendary Creature — Human Assassin Pirate,{2}{U}{B}{R},"B, R, U","B, R, U","At the beginning of your end step, create a Treasure token for each tapped Assassin, Pirate, and/or Vehicle you control.
Whenever a Vehicle you control deals combat damage to a player, look at the top card of that player's library, then exile it face down. You may play that card for as long as it remains exiled.",legal,not_legal,https://cards.scryfall.io/normal/front/d/a/da0ce737-8066-444b-ae33-c84713305b1a.jpg?1721425380
Eerie Ultimatum,IKO,Ikoria: Lair of Behemoths,184,foil,rare,1,49893,3a9fb2db-228f-4d48-acdf-6330baf356c7,5.78,False,False,near_mint,en,USD,Sorcery,{W}{W}{B}{B}{B}{G}{G},"B, G, W","B, G, W",Return any number of permanent cards with different names from your graveyard to the battlefield.,legal,not_legal,https://cards.scryfall.io/normal/front/3/a/3a9fb2db-228f-4d48-acdf-6330baf356c7.jpg?1591227996
Eldrazi Linebreaker,MH3,Modern Horizons 3,117,foil,rare,1,94684,f67774a1-f5f8-4b7b-871d-88a1b5e57d27,0.81,False,False,near_mint,en,USD,Creature — Eldrazi,{1}{C}{R},,R,"Devoid (This card has no color.)
Trample
At the beginning of combat on your turn, target creature you control gains haste and gets +X/+0 until end of turn, where X is the number of Eldrazi you control.",legal,not_legal,https://cards.scryfall.io/normal/front/f/6/f67774a1-f5f8-4b7b-871d-88a1b5e57d27.jpg?1717012147
Elspeth Resplendent,SNC,Streets of New Capenna,11,foil,mythic,1,67843,7c606af0-f3d1-44a4-b24e-ee1263569b1f,3.25,False,False,near_mint,en,USD,Legendary Planeswalker — Elspeth,{3}{W}{W},W,W,"+1: Choose up to one target creature. Put a +1/+1 counter and a counter from among flying, first strike, lifelink, or vigilance on it.
−3: Look at the top seven cards of your library. You may put a permanent card with mana value 3 or less from among them onto the battlefield with a shield counter on it. Put the rest on the bottom of your library in a random order.
−7: Create five 3/3 white Angel creature tokens with flying.",legal,not_legal,https://cards.scryfall.io/normal/front/7/c/7c606af0-f3d1-44a4-b24e-ee1263569b1f.jpg?1664409608
Elvish Reclaimer,MB2,Mystery Booster 2,205,normal,rare,1,96730,3826a901-7219-46d1-acae-07a981877149,5.94,False,False,near_mint,en,USD,Creature — Elf Warrior,{G},G,G,"This creature gets +2/+2 as long as there are three or more land cards in your graveyard.
{2}, {T}, Sacrifice a land: Search your library for a land card, put it onto the battlefield tapped, then shuffle.",legal,not_legal,https://cards.scryfall.io/normal/front/3/8/3826a901-7219-46d1-acae-07a981877149.jpg?1723223508
Elvish Reclaimer,MB2,Mystery Booster 2,205,foil,rare,1,96730,3826a901-7219-46d1-acae-07a981877149,87.56,False,False,near_mint,en,USD,Creature — Elf Warrior,{G},G,G,"This creature gets +2/+2 as long as there are three or more land cards in your graveyard.
{2}, {T}, Sacrifice a land: Search your library for a land card, put it onto the battlefield tapped, then shuffle.",legal,not_legal,https://cards.scryfall.io/normal/front/3/8/3826a901-7219-46d1-acae-07a981877149.jpg?1723223508
"Emrakul, the Promised End",INR,Innistrad Remastered,330,normal,mythic,1,101857,3183897e-4f86-4020-b149-cc4c2451a6c0,18.74,False,False,near_mint,en,USD,Legendary Creature — Eldrazi,{13},,,"This spell costs {1} less to cast for each card type among cards in your graveyard.
When you cast this spell, you gain control of target opponent during that player's next turn. After that turn, that player takes an extra turn.
Flying, trample, protection from instants",legal,not_legal,https://cards.scryfall.io/normal/front/3/1/3183897e-4f86-4020-b149-cc4c2451a6c0.jpg?1736551170
Enduring Courage,DSK,Duskmourn: House of Horror,378,normal,rare,1,98875,98c10aa8-111a-4b02-a0a4-fee4c17f9c24,2.55,False,False,near_mint,en,USD,Enchantment Creature — Dog Glimmer,{2}{R}{R},R,R,"Whenever another creature you control enters, it gets +2/+0 and gains haste until end of turn.
When Enduring Courage dies, if it was a creature, return it to the battlefield under its owner's control. It's an enchantment. (It's not a creature.)",legal,not_legal,https://cards.scryfall.io/normal/front/9/8/98c10aa8-111a-4b02-a0a4-fee4c17f9c24.jpg?1726287300
Enduring Courage,DSK,Duskmourn: House of Horror,392,foil,mythic,1,98861,82c7fa72-3c5f-49db-95f0-9a1c5d404651,28.36,False,False,near_mint,en,USD,Enchantment Creature — Dog Glimmer,{2}{R}{R},R,R,"Whenever another creature you control enters, it gets +2/+0 and gains haste until end of turn.
When Enduring Courage dies, if it was a creature, return it to the battlefield under its owner's control. It's an enchantment. (It's not a creature.)",legal,not_legal,https://cards.scryfall.io/normal/front/8/2/82c7fa72-3c5f-49db-95f0-9a1c5d404651.jpg?1727652983
Enduring Curiosity,DSK,Duskmourn: House of Horror,51,foil,rare,1,98647,8616629e-08f9-41ad-bfec-f86c8096f1cb,5.2,False,False,near_mint,en,USD,Enchantment Creature — Cat Glimmer,{2}{U}{U},U,U,"Flash
Whenever a creature you control deals combat damage to a player, draw a card.
When Enduring Curiosity dies, if it was a creature, return it to the battlefield under its owner's control. It's an enchantment. (It's not a creature.)",legal,not_legal,https://cards.scryfall.io/normal/front/8/6/8616629e-08f9-41ad-bfec-f86c8096f1cb.jpg?1726286044
Enduring Innocence,DSK,Duskmourn: House of Horror,368,foil,rare,1,98636,6d908299-aac0-46a6-8fa5-780d5b3e0386,6.41,False,False,near_mint,en,USD,Enchantment Creature — Sheep Glimmer,{1}{W}{W},W,W,"Lifelink
Whenever one or more other creatures you control with power 2 or less enter, draw a card. This ability triggers only once each turn.
When Enduring Innocence dies, if it was a creature, return it to the battlefield under its owner's control. It's an enchantment. (It's not a creature.)",legal,not_legal,https://cards.scryfall.io/normal/front/6/d/6d908299-aac0-46a6-8fa5-780d5b3e0386.jpg?1729215183
Enduring Curiosity,DSK,Duskmourn: House of Horror,371,normal,rare,1,98743,ce740fb7-d2d1-451b-bfa0-27364b804161,5.69,False,False,near_mint,en,USD,Enchantment Creature — Cat Glimmer,{2}{U}{U},U,U,"Flash
Whenever a creature you control deals combat damage to a player, draw a card.
When Enduring Curiosity dies, if it was a creature, return it to the battlefield under its owner's control. It's an enchantment. (It's not a creature.)",legal,not_legal,https://cards.scryfall.io/normal/front/c/e/ce740fb7-d2d1-451b-bfa0-27364b804161.jpg?1738102780
Enduring Innocence,DSK,Duskmourn: House of Horror,386,foil,mythic,1,98642,7aca1ee8-c1ae-4052-b9d0-1a2903f61c88,25.0,False,False,near_mint,en,USD,Enchantment Creature — Sheep Glimmer,{1}{W}{W},W,W,"Lifelink
Whenever one or more other creatures you control with power 2 or less enter, draw a card. This ability triggers only once each turn.
When Enduring Innocence dies, if it was a creature, return it to the battlefield under its owner's control. It's an enchantment. (It's not a creature.)",legal,not_legal,https://cards.scryfall.io/normal/front/7/a/7aca1ee8-c1ae-4052-b9d0-1a2903f61c88.jpg?1726287332
Enduring Innocence,DSK,Duskmourn: House of Horror,368,normal,rare,1,98636,6d908299-aac0-46a6-8fa5-780d5b3e0386,6.01,False,False,near_mint,en,USD,Enchantment Creature — Sheep Glimmer,{1}{W}{W},W,W,"Lifelink
Whenever one or more other creatures you control with power 2 or less enter, draw a card. This ability triggers only once each turn.
When Enduring Innocence dies, if it was a creature, return it to the battlefield under its owner's control. It's an enchantment. (It's not a creature.)",legal,not_legal,https://cards.scryfall.io/normal/front/6/d/6d908299-aac0-46a6-8fa5-780d5b3e0386.jpg?1729215183
Entity Tracker,DSK,Duskmourn: House of Horror,290,foil,rare,1,98963,2c0a079e-26f4-44ed-859a-f7df4b40a3cd,1.21,False,False,near_mint,en,USD,Creature — Human Scout,{2}{U},U,U,"Flash
Eerie — Whenever an enchantment you control enters and whenever you fully unlock a Room, draw a card.",legal,not_legal,https://cards.scryfall.io/normal/front/2/c/2c0a079e-26f4-44ed-859a-f7df4b40a3cd.jpg?1726514282
"Eriette, the Beguiler",OTJ,Outlaws of Thunder Junction,293,normal,rare,1,93427,f69b5791-a405-4578-acba-959cc181e9ad,0.39,False,False,near_mint,en,USD,Legendary Creature — Human Warlock,{1}{W}{U}{B},"B, U, W","B, U, W","Lifelink
Whenever an Aura you control becomes attached to a nonland permanent an opponent controls with mana value less than or equal to that Aura's mana value, gain control of that permanent for as long as that Aura is attached to it.",legal,not_legal,https://cards.scryfall.io/normal/front/f/6/f69b5791-a405-4578-acba-959cc181e9ad.jpg?1712356483
Ertai Resurrected,DMU,Dominaria United,298,normal,rare,1,71701,b2185d26-05b7-4e8b-ab0a-4f9d1541d4c5,0.4,False,False,near_mint,en,USD,Legendary Creature — Phyrexian Human Wizard,{2}{U}{B},"B, U","B, U","Flash
When Ertai Resurrected enters, choose up to one —
• Counter target spell, activated ability, or triggered ability. Its controller draws a card.
• Destroy another target creature or planeswalker. Its controller draws a card.",legal,not_legal,https://cards.scryfall.io/normal/front/b/2/b2185d26-05b7-4e8b-ab0a-4f9d1541d4c5.jpg?1674073977
Essence Channeler,BLB,Bloomburrow,12,normal,rare,1,96042,5aaf7e4c-4d5d-4acc-a834-e6c4a7629408,1.01,False,False,near_mint,en,USD,Creature — Bat Cleric,{1}{W},W,W,"As long as you've lost life this turn, this creature has flying and vigilance.
Whenever you gain life, put a +1/+1 counter on this creature.
When this creature dies, put its counters on target creature you control.",legal,not_legal,https://cards.scryfall.io/normal/front/5/a/5aaf7e4c-4d5d-4acc-a834-e6c4a7629408.jpg?1724003311
